"ID","Category","Priority","Device / Browser","Test case","Preconditions","Steps","Expected result","Execution status"
"RF-MAN-001","Section movement — Customizer","Critical","Windows Chrome","Move Summary up from Content customizer","A two-column resume is open; Summary is enabled and contains a unique heading and detail marker.","Open Content. Locate Summary. Select Move up. Inspect the page, then edit its first detail.","The complete Summary container moves up; heading and every detail remain together, editable, and appear exactly once.","Ready for independent manual execution"
"RF-MAN-002","Section movement — Customizer","High","Windows Edge","Move Summary down from Content customizer","A two-column resume is open; Summary is enabled and contains a unique heading and detail marker.","Open Content. Locate Summary. Select Move down. Inspect the page, then edit its first detail.","The complete Summary container moves down; heading and every detail remain together, editable, and appear exactly once.","Ready for independent manual execution"
"RF-MAN-003","Section movement — Customizer","Medium","Windows Firefox","Move Summary left from Content customizer","A two-column resume is open; Summary is enabled and contains a unique heading and detail marker.","Open Content. Locate Summary. Select Move left. Inspect the page, then edit its first detail.","The complete Summary container moves left; heading and every detail remain together, editable, and appear exactly once.","Ready for independent manual execution"
"RF-MAN-004","Section movement — Customizer","Critical","macOS Safari","Move Summary right from Content customizer","A two-column resume is open; Summary is enabled and contains a unique heading and detail marker.","Open Content. Locate Summary. Select Move right. Inspect the page, then edit its first detail.","The complete Summary container moves right; heading and every detail remain together, editable, and appear exactly once.","Ready for independent manual execution"
"RF-MAN-005","Section movement — Customizer","High","macOS Chrome","Move Objective up from Content customizer","A two-column resume is open; Objective is enabled and contains a unique heading and detail marker.","Open Content. Locate Objective. Select Move up. Inspect the page, then edit its first detail.","The complete Objective container moves up; heading and every detail remain together, editable, and appear exactly once.","Ready for independent manual execution"
"RF-MAN-006","Section movement — Customizer","Medium","Android Chrome","Move Objective down from Content customizer","A two-column resume is open; Objective is enabled and contains a unique heading and detail marker.","Open Content. Locate Objective. Select Move down. Inspect the page, then edit its first detail.","The complete Objective container moves down; heading and every detail remain together, editable, and appear exactly once.","Ready for independent manual execution"
"RF-MAN-007","Section movement — Customizer","Critical","iPhone Safari","Move Objective left from Content customizer","A two-column resume is open; Objective is enabled and contains a unique heading and detail marker.","Open Content. Locate Objective. Select Move left. Inspect the page, then edit its first detail.","The complete Objective container moves left; heading and every detail remain together, editable, and appear exactly once.","Ready for independent manual execution"
"RF-MAN-008","Section movement — Customizer","High","iPad Safari","Move Objective right from Content customizer","A two-column resume is open; Objective is enabled and contains a unique heading and detail marker.","Open Content. Locate Objective. Select Move right. Inspect the page, then edit its first detail.","The complete Objective container moves right; heading and every detail remain together, editable, and appear exactly once.","Ready for independent manual execution"
"RF-MAN-009","Section movement — Customizer","Medium","Linux Chrome","Move Experience up from Content customizer","A two-column resume is open; Experience is enabled and contains a unique heading and detail marker.","Open Content. Locate Experience. Select Move up. Inspect the page, then edit its first detail.","The complete Experience container moves up; heading and every detail remain together, editable, and appear exactly once.","Ready for independent manual execution"
"RF-MAN-010","Section movement — Customizer","Critical","Tablet Edge","Move Experience down from Content customizer","A two-column resume is open; Experience is enabled and contains a unique heading and detail marker.","Open Content. Locate Experience. Select Move down. Inspect the page, then edit its first detail.","The complete Experience container moves down; heading and every detail remain together, editable, and appear exactly once.","Ready for independent manual execution"
"RF-MAN-011","Section movement — Customizer","High","Windows Chrome","Move Experience left from Content customizer","A two-column resume is open; Experience is enabled and contains a unique heading and detail marker.","Open Content. Locate Experience. Select Move left. Inspect the page, then edit its first detail.","The complete Experience container moves left; heading and every detail remain together, editable, and appear exactly once.","Ready for independent manual execution"
"RF-MAN-012","Section movement — Customizer","Medium","Windows Edge","Move Experience right from Content customizer","A two-column resume is open; Experience is enabled and contains a unique heading and detail marker.","Open Content. Locate Experience. Select Move right. Inspect the page, then edit its first detail.","The complete Experience container moves right; heading and every detail remain together, editable, and appear exactly once.","Ready for independent manual execution"
"RF-MAN-013","Section movement — Customizer","Critical","Windows Firefox","Move Education up from Content customizer","A two-column resume is open; Education is enabled and contains a unique heading and detail marker.","Open Content. Locate Education. Select Move up. Inspect the page, then edit its first detail.","The complete Education container moves up; heading and every detail remain together, editable, and appear exactly once.","Ready for independent manual execution"
"RF-MAN-014","Section movement — Customizer","High","macOS Safari","Move Education down from Content customizer","A two-column resume is open; Education is enabled and contains a unique heading and detail marker.","Open Content. Locate Education. Select Move down. Inspect the page, then edit its first detail.","The complete Education container moves down; heading and every detail remain together, editable, and appear exactly once.","Ready for independent manual execution"
"RF-MAN-015","Section movement — Customizer","Medium","macOS Chrome","Move Education left from Content customizer","A two-column resume is open; Education is enabled and contains a unique heading and detail marker.","Open Content. Locate Education. Select Move left. Inspect the page, then edit its first detail.","The complete Education container moves left; heading and every detail remain together, editable, and appear exactly once.","Ready for independent manual execution"
"RF-MAN-016","Section movement — Customizer","Critical","Android Chrome","Move Education right from Content customizer","A two-column resume is open; Education is enabled and contains a unique heading and detail marker.","Open Content. Locate Education. Select Move right. Inspect the page, then edit its first detail.","The complete Education container moves right; heading and every detail remain together, editable, and appear exactly once.","Ready for independent manual execution"
"RF-MAN-017","Section movement — Customizer","High","iPhone Safari","Move Certifications up from Content customizer","A two-column resume is open; Certifications is enabled and contains a unique heading and detail marker.","Open Content. Locate Certifications. Select Move up. Inspect the page, then edit its first detail.","The complete Certifications container moves up; heading and every detail remain together, editable, and appear exactly once.","Ready for independent manual execution"
"RF-MAN-018","Section movement — Customizer","Medium","iPad Safari","Move Certifications down from Content customizer","A two-column resume is open; Certifications is enabled and contains a unique heading and detail marker.","Open Content. Locate Certifications. Select Move down. Inspect the page, then edit its first detail.","The complete Certifications container moves down; heading and every detail remain together, editable, and appear exactly once.","Ready for independent manual execution"
"RF-MAN-019","Section movement — Customizer","Critical","Linux Chrome","Move Certifications left from Content customizer","A two-column resume is open; Certifications is enabled and contains a unique heading and detail marker.","Open Content. Locate Certifications. Select Move left. Inspect the page, then edit its first detail.","The complete Certifications container moves left; heading and every detail remain together, editable, and appear exactly once.","Ready for independent manual execution"
"RF-MAN-020","Section movement — Customizer","High","Tablet Edge","Move Certifications right from Content customizer","A two-column resume is open; Certifications is enabled and contains a unique heading and detail marker.","Open Content. Locate Certifications. Select Move right. Inspect the page, then edit its first detail.","The complete Certifications container moves right; heading and every detail remain together, editable, and appear exactly once.","Ready for independent manual execution"
"RF-MAN-021","Section movement — Customizer","Medium","Windows Chrome","Move Projects up from Content customizer","A two-column resume is open; Projects is enabled and contains a unique heading and detail marker.","Open Content. Locate Projects. Select Move up. Inspect the page, then edit its first detail.","The complete Projects container moves up; heading and every detail remain together, editable, and appear exactly once.","Ready for independent manual execution"
"RF-MAN-022","Section movement — Customizer","Critical","Windows Edge","Move Projects down from Content customizer","A two-column resume is open; Projects is enabled and contains a unique heading and detail marker.","Open Content. Locate Projects. Select Move down. Inspect the page, then edit its first detail.","The complete Projects container moves down; heading and every detail remain together, editable, and appear exactly once.","Ready for independent manual execution"
"RF-MAN-023","Section movement — Customizer","High","Windows Firefox","Move Projects left from Content customizer","A two-column resume is open; Projects is enabled and contains a unique heading and detail marker.","Open Content. Locate Projects. Select Move left. Inspect the page, then edit its first detail.","The complete Projects container moves left; heading and every detail remain together, editable, and appear exactly once.","Ready for independent manual execution"
"RF-MAN-024","Section movement — Customizer","Medium","macOS Safari","Move Projects right from Content customizer","A two-column resume is open; Projects is enabled and contains a unique heading and detail marker.","Open Content. Locate Projects. Select Move right. Inspect the page, then edit its first detail.","The complete Projects container moves right; heading and every detail remain together, editable, and appear exactly once.","Ready for independent manual execution"
"RF-MAN-025","Section movement — Customizer","Critical","macOS Chrome","Move Skills up from Content customizer","A two-column resume is open; Skills is enabled and contains a unique heading and detail marker.","Open Content. Locate Skills. Select Move up. Inspect the page, then edit its first detail.","The complete Skills container moves up; heading and every detail remain together, editable, and appear exactly once.","Ready for independent manual execution"
"RF-MAN-026","Section movement — Customizer","High","Android Chrome","Move Skills down from Content customizer","A two-column resume is open; Skills is enabled and contains a unique heading and detail marker.","Open Content. Locate Skills. Select Move down. Inspect the page, then edit its first detail.","The complete Skills container moves down; heading and every detail remain together, editable, and appear exactly once.","Ready for independent manual execution"
"RF-MAN-027","Section movement — Customizer","Medium","iPhone Safari","Move Skills left from Content customizer","A two-column resume is open; Skills is enabled and contains a unique heading and detail marker.","Open Content. Locate Skills. Select Move left. Inspect the page, then edit its first detail.","The complete Skills container moves left; heading and every detail remain together, editable, and appear exactly once.","Ready for independent manual execution"
"RF-MAN-028","Section movement — Customizer","Critical","iPad Safari","Move Skills right from Content customizer","A two-column resume is open; Skills is enabled and contains a unique heading and detail marker.","Open Content. Locate Skills. Select Move right. Inspect the page, then edit its first detail.","The complete Skills container moves right; heading and every detail remain together, editable, and appear exactly once.","Ready for independent manual execution"
"RF-MAN-029","Section movement — Customizer","High","Linux Chrome","Move Awards up from Content customizer","A two-column resume is open; Awards is enabled and contains a unique heading and detail marker.","Open Content. Locate Awards. Select Move up. Inspect the page, then edit its first detail.","The complete Awards container moves up; heading and every detail remain together, editable, and appear exactly once.","Ready for independent manual execution"
"RF-MAN-030","Section movement — Customizer","Medium","Tablet Edge","Move Awards down from Content customizer","A two-column resume is open; Awards is enabled and contains a unique heading and detail marker.","Open Content. Locate Awards. Select Move down. Inspect the page, then edit its first detail.","The complete Awards container moves down; heading and every detail remain together, editable, and appear exactly once.","Ready for independent manual execution"
"RF-MAN-031","Section movement — Customizer","Critical","Windows Chrome","Move Awards left from Content customizer","A two-column resume is open; Awards is enabled and contains a unique heading and detail marker.","Open Content. Locate Awards. Select Move left. Inspect the page, then edit its first detail.","The complete Awards container moves left; heading and every detail remain together, editable, and appear exactly once.","Ready for independent manual execution"
"RF-MAN-032","Section movement — Customizer","High","Windows Edge","Move Awards right from Content customizer","A two-column resume is open; Awards is enabled and contains a unique heading and detail marker.","Open Content. Locate Awards. Select Move right. Inspect the page, then edit its first detail.","The complete Awards container moves right; heading and every detail remain together, editable, and appear exactly once.","Ready for independent manual execution"
"RF-MAN-033","Section movement — Customizer","Medium","Windows Firefox","Move Technical Skills up from Content customizer","A two-column resume is open; Technical Skills is enabled and contains a unique heading and detail marker.","Open Content. Locate Technical Skills. Select Move up. Inspect the page, then edit its first detail.","The complete Technical Skills container moves up; heading and every detail remain together, editable, and appear exactly once.","Ready for independent manual execution"
"RF-MAN-034","Section movement — Customizer","Critical","macOS Safari","Move Technical Skills down from Content customizer","A two-column resume is open; Technical Skills is enabled and contains a unique heading and detail marker.","Open Content. Locate Technical Skills. Select Move down. Inspect the page, then edit its first detail.","The complete Technical Skills container moves down; heading and every detail remain together, editable, and appear exactly once.","Ready for independent manual execution"
"RF-MAN-035","Section movement — Customizer","High","macOS Chrome","Move Technical Skills left from Content customizer","A two-column resume is open; Technical Skills is enabled and contains a unique heading and detail marker.","Open Content. Locate Technical Skills. Select Move left. Inspect the page, then edit its first detail.","The complete Technical Skills container moves left; heading and every detail remain together, editable, and appear exactly once.","Ready for independent manual execution"
"RF-MAN-036","Section movement — Customizer","Medium","Android Chrome","Move Technical Skills right from Content customizer","A two-column resume is open; Technical Skills is enabled and contains a unique heading and detail marker.","Open Content. Locate Technical Skills. Select Move right. Inspect the page, then edit its first detail.","The complete Technical Skills container moves right; heading and every detail remain together, editable, and appear exactly once.","Ready for independent manual execution"
"RF-MAN-037","Section movement — Customizer","Critical","iPhone Safari","Move Languages up from Content customizer","A two-column resume is open; Languages is enabled and contains a unique heading and detail marker.","Open Content. Locate Languages. Select Move up. Inspect the page, then edit its first detail.","The complete Languages container moves up; heading and every detail remain together, editable, and appear exactly once.","Ready for independent manual execution"
"RF-MAN-038","Section movement — Customizer","High","iPad Safari","Move Languages down from Content customizer","A two-column resume is open; Languages is enabled and contains a unique heading and detail marker.","Open Content. Locate Languages. Select Move down. Inspect the page, then edit its first detail.","The complete Languages container moves down; heading and every detail remain together, editable, and appear exactly once.","Ready for independent manual execution"
"RF-MAN-039","Section movement — Customizer","Medium","Linux Chrome","Move Languages left from Content customizer","A two-column resume is open; Languages is enabled and contains a unique heading and detail marker.","Open Content. Locate Languages. Select Move left. Inspect the page, then edit its first detail.","The complete Languages container moves left; heading and every detail remain together, editable, and appear exactly once.","Ready for independent manual execution"
"RF-MAN-040","Section movement — Customizer","Critical","Tablet Edge","Move Languages right from Content customizer","A two-column resume is open; Languages is enabled and contains a unique heading and detail marker.","Open Content. Locate Languages. Select Move right. Inspect the page, then edit its first detail.","The complete Languages container moves right; heading and every detail remain together, editable, and appear exactly once.","Ready for independent manual execution"
"RF-MAN-041","Section movement — Customizer","High","Windows Chrome","Move Personal Details up from Content customizer","A two-column resume is open; Personal Details is enabled and contains a unique heading and detail marker.","Open Content. Locate Personal Details. Select Move up. Inspect the page, then edit its first detail.","The complete Personal Details container moves up; heading and every detail remain together, editable, and appear exactly once.","Ready for independent manual execution"
"RF-MAN-042","Section movement — Customizer","Medium","Windows Edge","Move Personal Details down from Content customizer","A two-column resume is open; Personal Details is enabled and contains a unique heading and detail marker.","Open Content. Locate Personal Details. Select Move down. Inspect the page, then edit its first detail.","The complete Personal Details container moves down; heading and every detail remain together, editable, and appear exactly once.","Ready for independent manual execution"
"RF-MAN-043","Section movement — Customizer","Critical","Windows Firefox","Move Personal Details left from Content customizer","A two-column resume is open; Personal Details is enabled and contains a unique heading and detail marker.","Open Content. Locate Personal Details. Select Move left. Inspect the page, then edit its first detail.","The complete Personal Details container moves left; heading and every detail remain together, editable, and appear exactly once.","Ready for independent manual execution"
"RF-MAN-044","Section movement — Customizer","High","macOS Safari","Move Personal Details right from Content customizer","A two-column resume is open; Personal Details is enabled and contains a unique heading and detail marker.","Open Content. Locate Personal Details. Select Move right. Inspect the page, then edit its first detail.","The complete Personal Details container moves right; heading and every detail remain together, editable, and appear exactly once.","Ready for independent manual execution"
"RF-MAN-045","Section movement — Customizer","Medium","macOS Chrome","Move Volunteer Experience up from Content customizer","A two-column resume is open; Volunteer Experience is enabled and contains a unique heading and detail marker.","Open Content. Locate Volunteer Experience. Select Move up. Inspect the page, then edit its first detail.","The complete Volunteer Experience container moves up; heading and every detail remain together, editable, and appear exactly once.","Ready for independent manual execution"
"RF-MAN-046","Section movement — Customizer","Critical","Android Chrome","Move Volunteer Experience down from Content customizer","A two-column resume is open; Volunteer Experience is enabled and contains a unique heading and detail marker.","Open Content. Locate Volunteer Experience. Select Move down. Inspect the page, then edit its first detail.","The complete Volunteer Experience container moves down; heading and every detail remain together, editable, and appear exactly once.","Ready for independent manual execution"
"RF-MAN-047","Section movement — Customizer","High","iPhone Safari","Move Volunteer Experience left from Content customizer","A two-column resume is open; Volunteer Experience is enabled and contains a unique heading and detail marker.","Open Content. Locate Volunteer Experience. Select Move left. Inspect the page, then edit its first detail.","The complete Volunteer Experience container moves left; heading and every detail remain together, editable, and appear exactly once.","Ready for independent manual execution"
"RF-MAN-048","Section movement — Customizer","Medium","iPad Safari","Move Volunteer Experience right from Content customizer","A two-column resume is open; Volunteer Experience is enabled and contains a unique heading and detail marker.","Open Content. Locate Volunteer Experience. Select Move right. Inspect the page, then edit its first detail.","The complete Volunteer Experience container moves right; heading and every detail remain together, editable, and appear exactly once.","Ready for independent manual execution"
"RF-MAN-049","Section movement — Customizer","Critical","Linux Chrome","Move Publications up from Content customizer","A two-column resume is open; Publications is enabled and contains a unique heading and detail marker.","Open Content. Locate Publications. Select Move up. Inspect the page, then edit its first detail.","The complete Publications container moves up; heading and every detail remain together, editable, and appear exactly once.","Ready for independent manual execution"
"RF-MAN-050","Section movement — Customizer","High","Tablet Edge","Move Publications down from Content customizer","A two-column resume is open; Publications is enabled and contains a unique heading and detail marker.","Open Content. Locate Publications. Select Move down. Inspect the page, then edit its first detail.","The complete Publications container moves down; heading and every detail remain together, editable, and appear exactly once.","Ready for independent manual execution"
"RF-MAN-051","Section movement — Customizer","Medium","Windows Chrome","Move Publications left from Content customizer","A two-column resume is open; Publications is enabled and contains a unique heading and detail marker.","Open Content. Locate Publications. Select Move left. Inspect the page, then edit its first detail.","The complete Publications container moves left; heading and every detail remain together, editable, and appear exactly once.","Ready for independent manual execution"
"RF-MAN-052","Section movement — Customizer","Critical","Windows Edge","Move Publications right from Content customizer","A two-column resume is open; Publications is enabled and contains a unique heading and detail marker.","Open Content. Locate Publications. Select Move right. Inspect the page, then edit its first detail.","The complete Publications container moves right; heading and every detail remain together, editable, and appear exactly once.","Ready for independent manual execution"
"RF-MAN-053","Section movement — Customizer","High","Windows Firefox","Move Patents up from Content customizer","A two-column resume is open; Patents is enabled and contains a unique heading and detail marker.","Open Content. Locate Patents. Select Move up. Inspect the page, then edit its first detail.","The complete Patents container moves up; heading and every detail remain together, editable, and appear exactly once.","Ready for independent manual execution"
"RF-MAN-054","Section movement — Customizer","Medium","macOS Safari","Move Patents down from Content customizer","A two-column resume is open; Patents is enabled and contains a unique heading and detail marker.","Open Content. Locate Patents. Select Move down. Inspect the page, then edit its first detail.","The complete Patents container moves down; heading and every detail remain together, editable, and appear exactly once.","Ready for independent manual execution"
"RF-MAN-055","Section movement — Customizer","Critical","macOS Chrome","Move Patents left from Content customizer","A two-column resume is open; Patents is enabled and contains a unique heading and detail marker.","Open Content. Locate Patents. Select Move left. Inspect the page, then edit its first detail.","The complete Patents container moves left; heading and every detail remain together, editable, and appear exactly once.","Ready for independent manual execution"
"RF-MAN-056","Section movement — Customizer","High","Android Chrome","Move Patents right from Content customizer","A two-column resume is open; Patents is enabled and contains a unique heading and detail marker.","Open Content. Locate Patents. Select Move right. Inspect the page, then edit its first detail.","The complete Patents container moves right; heading and every detail remain together, editable, and appear exactly once.","Ready for independent manual execution"
"RF-MAN-057","Section movement — Customizer","Medium","iPhone Safari","Move References up from Content customizer","A two-column resume is open; References is enabled and contains a unique heading and detail marker.","Open Content. Locate References. Select Move up. Inspect the page, then edit its first detail.","The complete References container moves up; heading and every detail remain together, editable, and appear exactly once.","Ready for independent manual execution"
"RF-MAN-058","Section movement — Customizer","Critical","iPad Safari","Move References down from Content customizer","A two-column resume is open; References is enabled and contains a unique heading and detail marker.","Open Content. Locate References. Select Move down. Inspect the page, then edit its first detail.","The complete References container moves down; heading and every detail remain together, editable, and appear exactly once.","Ready for independent manual execution"
"RF-MAN-059","Section movement — Customizer","High","Linux Chrome","Move References left from Content customizer","A two-column resume is open; References is enabled and contains a unique heading and detail marker.","Open Content. Locate References. Select Move left. Inspect the page, then edit its first detail.","The complete References container moves left; heading and every detail remain together, editable, and appear exactly once.","Ready for independent manual execution"
"RF-MAN-060","Section movement — Customizer","Medium","Tablet Edge","Move References right from Content customizer","A two-column resume is open; References is enabled and contains a unique heading and detail marker.","Open Content. Locate References. Select Move right. Inspect the page, then edit its first detail.","The complete References container moves right; heading and every detail remain together, editable, and appear exactly once.","Ready for independent manual execution"
"RF-MAN-061","Section movement — Customizer","Critical","Windows Chrome","Move Courses up from Content customizer","A two-column resume is open; Courses is enabled and contains a unique heading and detail marker.","Open Content. Locate Courses. Select Move up. Inspect the page, then edit its first detail.","The complete Courses container moves up; heading and every detail remain together, editable, and appear exactly once.","Ready for independent manual execution"
"RF-MAN-062","Section movement — Customizer","High","Windows Edge","Move Courses down from Content customizer","A two-column resume is open; Courses is enabled and contains a unique heading and detail marker.","Open Content. Locate Courses. Select Move down. Inspect the page, then edit its first detail.","The complete Courses container moves down; heading and every detail remain together, editable, and appear exactly once.","Ready for independent manual execution"
"RF-MAN-063","Section movement — Customizer","Medium","Windows Firefox","Move Courses left from Content customizer","A two-column resume is open; Courses is enabled and contains a unique heading and detail marker.","Open Content. Locate Courses. Select Move left. Inspect the page, then edit its first detail.","The complete Courses container moves left; heading and every detail remain together, editable, and appear exactly once.","Ready for independent manual execution"
"RF-MAN-064","Section movement — Customizer","Critical","macOS Safari","Move Courses right from Content customizer","A two-column resume is open; Courses is enabled and contains a unique heading and detail marker.","Open Content. Locate Courses. Select Move right. Inspect the page, then edit its first detail.","The complete Courses container moves right; heading and every detail remain together, editable, and appear exactly once.","Ready for independent manual execution"
"RF-MAN-065","Section movement — Customizer","High","macOS Chrome","Move Professional Memberships up from Content customizer","A two-column resume is open; Professional Memberships is enabled and contains a unique heading and detail marker.","Open Content. Locate Professional Memberships. Select Move up. Inspect the page, then edit its first detail.","The complete Professional Memberships container moves up; heading and every detail remain together, editable, and appear exactly once.","Ready for independent manual execution"
"RF-MAN-066","Section movement — Customizer","Medium","Android Chrome","Move Professional Memberships down from Content customizer","A two-column resume is open; Professional Memberships is enabled and contains a unique heading and detail marker.","Open Content. Locate Professional Memberships. Select Move down. Inspect the page, then edit its first detail.","The complete Professional Memberships container moves down; heading and every detail remain together, editable, and appear exactly once.","Ready for independent manual execution"
"RF-MAN-067","Section movement — Customizer","Critical","iPhone Safari","Move Professional Memberships left from Content customizer","A two-column resume is open; Professional Memberships is enabled and contains a unique heading and detail marker.","Open Content. Locate Professional Memberships. Select Move left. Inspect the page, then edit its first detail.","The complete Professional Memberships container moves left; heading and every detail remain together, editable, and appear exactly once.","Ready for independent manual execution"
"RF-MAN-068","Section movement — Customizer","High","iPad Safari","Move Professional Memberships right from Content customizer","A two-column resume is open; Professional Memberships is enabled and contains a unique heading and detail marker.","Open Content. Locate Professional Memberships. Select Move right. Inspect the page, then edit its first detail.","The complete Professional Memberships container moves right; heading and every detail remain together, editable, and appear exactly once.","Ready for independent manual execution"
"RF-MAN-069","Section movement — Customizer","Medium","Linux Chrome","Move Interests up from Content customizer","A two-column resume is open; Interests is enabled and contains a unique heading and detail marker.","Open Content. Locate Interests. Select Move up. Inspect the page, then edit its first detail.","The complete Interests container moves up; heading and every detail remain together, editable, and appear exactly once.","Ready for independent manual execution"
"RF-MAN-070","Section movement — Customizer","Critical","Tablet Edge","Move Interests down from Content customizer","A two-column resume is open; Interests is enabled and contains a unique heading and detail marker.","Open Content. Locate Interests. Select Move down. Inspect the page, then edit its first detail.","The complete Interests container moves down; heading and every detail remain together, editable, and appear exactly once.","Ready for independent manual execution"
"RF-MAN-071","Section movement — Customizer","High","Windows Chrome","Move Interests left from Content customizer","A two-column resume is open; Interests is enabled and contains a unique heading and detail marker.","Open Content. Locate Interests. Select Move left. Inspect the page, then edit its first detail.","The complete Interests container moves left; heading and every detail remain together, editable, and appear exactly once.","Ready for independent manual execution"
"RF-MAN-072","Section movement — Customizer","Medium","Windows Edge","Move Interests right from Content customizer","A two-column resume is open; Interests is enabled and contains a unique heading and detail marker.","Open Content. Locate Interests. Select Move right. Inspect the page, then edit its first detail.","The complete Interests container moves right; heading and every detail remain together, editable, and appear exactly once.","Ready for independent manual execution"
"RF-MAN-073","Section movement — Customizer","Critical","Windows Firefox","Move Security Clearances up from Content customizer","A two-column resume is open; Security Clearances is enabled and contains a unique heading and detail marker.","Open Content. Locate Security Clearances. Select Move up. Inspect the page, then edit its first detail.","The complete Security Clearances container moves up; heading and every detail remain together, editable, and appear exactly once.","Ready for independent manual execution"
"RF-MAN-074","Section movement — Customizer","High","macOS Safari","Move Security Clearances down from Content customizer","A two-column resume is open; Security Clearances is enabled and contains a unique heading and detail marker.","Open Content. Locate Security Clearances. Select Move down. Inspect the page, then edit its first detail.","The complete Security Clearances container moves down; heading and every detail remain together, editable, and appear exactly once.","Ready for independent manual execution"
"RF-MAN-075","Section movement — Customizer","Medium","macOS Chrome","Move Security Clearances left from Content customizer","A two-column resume is open; Security Clearances is enabled and contains a unique heading and detail marker.","Open Content. Locate Security Clearances. Select Move left. Inspect the page, then edit its first detail.","The complete Security Clearances container moves left; heading and every detail remain together, editable, and appear exactly once.","Ready for independent manual execution"
"RF-MAN-076","Section movement — Customizer","Critical","Android Chrome","Move Security Clearances right from Content customizer","A two-column resume is open; Security Clearances is enabled and contains a unique heading and detail marker.","Open Content. Locate Security Clearances. Select Move right. Inspect the page, then edit its first detail.","The complete Security Clearances container moves right; heading and every detail remain together, editable, and appear exactly once.","Ready for independent manual execution"
"RF-MAN-077","Section movement — Customizer","High","iPhone Safari","Move Portfolio up from Content customizer","A two-column resume is open; Portfolio is enabled and contains a unique heading and detail marker.","Open Content. Locate Portfolio. Select Move up. Inspect the page, then edit its first detail.","The complete Portfolio container moves up; heading and every detail remain together, editable, and appear exactly once.","Ready for independent manual execution"
"RF-MAN-078","Section movement — Customizer","Medium","iPad Safari","Move Portfolio down from Content customizer","A two-column resume is open; Portfolio is enabled and contains a unique heading and detail marker.","Open Content. Locate Portfolio. Select Move down. Inspect the page, then edit its first detail.","The complete Portfolio container moves down; heading and every detail remain together, editable, and appear exactly once.","Ready for independent manual execution"
"RF-MAN-079","Section movement — Customizer","Critical","Linux Chrome","Move Portfolio left from Content customizer","A two-column resume is open; Portfolio is enabled and contains a unique heading and detail marker.","Open Content. Locate Portfolio. Select Move left. Inspect the page, then edit its first detail.","The complete Portfolio container moves left; heading and every detail remain together, editable, and appear exactly once.","Ready for independent manual execution"
"RF-MAN-080","Section movement — Customizer","High","Tablet Edge","Move Portfolio right from Content customizer","A two-column resume is open; Portfolio is enabled and contains a unique heading and detail marker.","Open Content. Locate Portfolio. Select Move right. Inspect the page, then edit its first detail.","The complete Portfolio container moves right; heading and every detail remain together, editable, and appear exactly once.","Ready for independent manual execution"
"RF-MAN-081","Section movement — Customizer","Medium","Windows Chrome","Move Training up from Content customizer","A two-column resume is open; Training is enabled and contains a unique heading and detail marker.","Open Content. Locate Training. Select Move up. Inspect the page, then edit its first detail.","The complete Training container moves up; heading and every detail remain together, editable, and appear exactly once.","Ready for independent manual execution"
"RF-MAN-082","Section movement — Customizer","Critical","Windows Edge","Move Training down from Content customizer","A two-column resume is open; Training is enabled and contains a unique heading and detail marker.","Open Content. Locate Training. Select Move down. Inspect the page, then edit its first detail.","The complete Training container moves down; heading and every detail remain together, editable, and appear exactly once.","Ready for independent manual execution"
"RF-MAN-083","Section movement — Customizer","High","Windows Firefox","Move Training left from Content customizer","A two-column resume is open; Training is enabled and contains a unique heading and detail marker.","Open Content. Locate Training. Select Move left. Inspect the page, then edit its first detail.","The complete Training container moves left; heading and every detail remain together, editable, and appear exactly once.","Ready for independent manual execution"
"RF-MAN-084","Section movement — Customizer","Medium","macOS Safari","Move Training right from Content customizer","A two-column resume is open; Training is enabled and contains a unique heading and detail marker.","Open Content. Locate Training. Select Move right. Inspect the page, then edit its first detail.","The complete Training container moves right; heading and every detail remain together, editable, and appear exactly once.","Ready for independent manual execution"
"RF-MAN-085","Section movement — Customizer","Critical","macOS Chrome","Move Achievements up from Content customizer","A two-column resume is open; Achievements is enabled and contains a unique heading and detail marker.","Open Content. Locate Achievements. Select Move up. Inspect the page, then edit its first detail.","The complete Achievements container moves up; heading and every detail remain together, editable, and appear exactly once.","Ready for independent manual execution"
"RF-MAN-086","Section movement — Customizer","High","Android Chrome","Move Achievements down from Content customizer","A two-column resume is open; Achievements is enabled and contains a unique heading and detail marker.","Open Content. Locate Achievements. Select Move down. Inspect the page, then edit its first detail.","The complete Achievements container moves down; heading and every detail remain together, editable, and appear exactly once.","Ready for independent manual execution"
"RF-MAN-087","Section movement — Customizer","Medium","iPhone Safari","Move Achievements left from Content customizer","A two-column resume is open; Achievements is enabled and contains a unique heading and detail marker.","Open Content. Locate Achievements. Select Move left. Inspect the page, then edit its first detail.","The complete Achievements container moves left; heading and every detail remain together, editable, and appear exactly once.","Ready for independent manual execution"
"RF-MAN-088","Section movement — Customizer","Critical","iPad Safari","Move Achievements right from Content customizer","A two-column resume is open; Achievements is enabled and contains a unique heading and detail marker.","Open Content. Locate Achievements. Select Move right. Inspect the page, then edit its first detail.","The complete Achievements container moves right; heading and every detail remain together, editable, and appear exactly once.","Ready for independent manual execution"
"RF-MAN-089","Section movement — Customizer","High","Linux Chrome","Move Research up from Content customizer","A two-column resume is open; Research is enabled and contains a unique heading and detail marker.","Open Content. Locate Research. Select Move up. Inspect the page, then edit its first detail.","The complete Research container moves up; heading and every detail remain together, editable, and appear exactly once.","Ready for independent manual execution"
"RF-MAN-090","Section movement — Customizer","Medium","Tablet Edge","Move Research down from Content customizer","A two-column resume is open; Research is enabled and contains a unique heading and detail marker.","Open Content. Locate Research. Select Move down. Inspect the page, then edit its first detail.","The complete Research container moves down; heading and every detail remain together, editable, and appear exactly once.","Ready for independent manual execution"
"RF-MAN-091","Section movement — Customizer","Critical","Windows Chrome","Move Research left from Content customizer","A two-column resume is open; Research is enabled and contains a unique heading and detail marker.","Open Content. Locate Research. Select Move left. Inspect the page, then edit its first detail.","The complete Research container moves left; heading and every detail remain together, editable, and appear exactly once.","Ready for independent manual execution"
"RF-MAN-092","Section movement — Customizer","High","Windows Edge","Move Research right from Content customizer","A two-column resume is open; Research is enabled and contains a unique heading and detail marker.","Open Content. Locate Research. Select Move right. Inspect the page, then edit its first detail.","The complete Research container moves right; heading and every detail remain together, editable, and appear exactly once.","Ready for independent manual execution"
"RF-MAN-093","Section movement — Customizer","Medium","Windows Firefox","Move Leadership up from Content customizer","A two-column resume is open; Leadership is enabled and contains a unique heading and detail marker.","Open Content. Locate Leadership. Select Move up. Inspect the page, then edit its first detail.","The complete Leadership container moves up; heading and every detail remain together, editable, and appear exactly once.","Ready for independent manual execution"
"RF-MAN-094","Section movement — Customizer","Critical","macOS Safari","Move Leadership down from Content customizer","A two-column resume is open; Leadership is enabled and contains a unique heading and detail marker.","Open Content. Locate Leadership. Select Move down. Inspect the page, then edit its first detail.","The complete Leadership container moves down; heading and every detail remain together, editable, and appear exactly once.","Ready for independent manual execution"
"RF-MAN-095","Section movement — Customizer","High","macOS Chrome","Move Leadership left from Content customizer","A two-column resume is open; Leadership is enabled and contains a unique heading and detail marker.","Open Content. Locate Leadership. Select Move left. Inspect the page, then edit its first detail.","The complete Leadership container moves left; heading and every detail remain together, editable, and appear exactly once.","Ready for independent manual execution"
"RF-MAN-096","Section movement — Customizer","Medium","Android Chrome","Move Leadership right from Content customizer","A two-column resume is open; Leadership is enabled and contains a unique heading and detail marker.","Open Content. Locate Leadership. Select Move right. Inspect the page, then edit its first detail.","The complete Leadership container moves right; heading and every detail remain together, editable, and appear exactly once.","Ready for independent manual execution"
"RF-MAN-097","Section movement — Customizer","Critical","iPhone Safari","Move Community Service up from Content customizer","A two-column resume is open; Community Service is enabled and contains a unique heading and detail marker.","Open Content. Locate Community Service. Select Move up. Inspect the page, then edit its first detail.","The complete Community Service container moves up; heading and every detail remain together, editable, and appear exactly once.","Ready for independent manual execution"
"RF-MAN-098","Section movement — Customizer","High","iPad Safari","Move Community Service down from Content customizer","A two-column resume is open; Community Service is enabled and contains a unique heading and detail marker.","Open Content. Locate Community Service. Select Move down. Inspect the page, then edit its first detail.","The complete Community Service container moves down; heading and every detail remain together, editable, and appear exactly once.","Ready for independent manual execution"
"RF-MAN-099","Section movement — Customizer","Medium","Linux Chrome","Move Community Service left from Content customizer","A two-column resume is open; Community Service is enabled and contains a unique heading and detail marker.","Open Content. Locate Community Service. Select Move left. Inspect the page, then edit its first detail.","The complete Community Service container moves left; heading and every detail remain together, editable, and appear exactly once.","Ready for independent manual execution"
"RF-MAN-100","Section movement — Customizer","Critical","Tablet Edge","Move Community Service right from Content customizer","A two-column resume is open; Community Service is enabled and contains a unique heading and detail marker.","Open Content. Locate Community Service. Select Move right. Inspect the page, then edit its first detail.","The complete Community Service container moves right; heading and every detail remain together, editable, and appear exactly once.","Ready for independent manual execution"
"RF-MAN-101","Section movement — Resume page","Critical","Windows Chrome","Move Summary using up arrow","Summary is visible with unique multi-line content; page section controls are available.","Hover or tap Summary. Use its up arrow. For drag, drop before a section in the opposite column.","The whole Summary moves to the requested position; no text, list item, link, date, or formatting is lost or duplicated.","Ready for independent manual execution"
"RF-MAN-102","Section movement — Resume page","High","Windows Edge","Move Summary using down arrow","Summary is visible with unique multi-line content; page section controls are available.","Hover or tap Summary. Use its down arrow. For drag, drop before a section in the opposite column.","The whole Summary moves to the requested position; no text, list item, link, date, or formatting is lost or duplicated.","Ready for independent manual execution"
"RF-MAN-103","Section movement — Resume page","Medium","Windows Firefox","Move Summary using left arrow","Summary is visible with unique multi-line content; page section controls are available.","Hover or tap Summary. Use its left arrow. For drag, drop before a section in the opposite column.","The whole Summary moves to the requested position; no text, list item, link, date, or formatting is lost or duplicated.","Ready for independent manual execution"
"RF-MAN-104","Section movement — Resume page","Critical","macOS Safari","Move Summary using right arrow","Summary is visible with unique multi-line content; page section controls are available.","Hover or tap Summary. Use its right arrow. For drag, drop before a section in the opposite column.","The whole Summary moves to the requested position; no text, list item, link, date, or formatting is lost or duplicated.","Ready for independent manual execution"
"RF-MAN-105","Section movement — Resume page","High","macOS Chrome","Move Summary using drag handle to a precise target","Summary is visible with unique multi-line content; page section controls are available.","Hover or tap Summary. Use its drag handle to a precise target. For drag, drop before a section in the opposite column.","The whole Summary moves to the requested position; no text, list item, link, date, or formatting is lost or duplicated.","Ready for independent manual execution"
"RF-MAN-106","Section movement — Resume page","Medium","Android Chrome","Move Objective using up arrow","Objective is visible with unique multi-line content; page section controls are available.","Hover or tap Objective. Use its up arrow. For drag, drop before a section in the opposite column.","The whole Objective moves to the requested position; no text, list item, link, date, or formatting is lost or duplicated.","Ready for independent manual execution"
"RF-MAN-107","Section movement — Resume page","Critical","iPhone Safari","Move Objective using down arrow","Objective is visible with unique multi-line content; page section controls are available.","Hover or tap Objective. Use its down arrow. For drag, drop before a section in the opposite column.","The whole Objective moves to the requested position; no text, list item, link, date, or formatting is lost or duplicated.","Ready for independent manual execution"
"RF-MAN-108","Section movement — Resume page","High","iPad Safari","Move Objective using left arrow","Objective is visible with unique multi-line content; page section controls are available.","Hover or tap Objective. Use its left arrow. For drag, drop before a section in the opposite column.","The whole Objective moves to the requested position; no text, list item, link, date, or formatting is lost or duplicated.","Ready for independent manual execution"
"RF-MAN-109","Section movement — Resume page","Medium","Linux Chrome","Move Objective using right arrow","Objective is visible with unique multi-line content; page section controls are available.","Hover or tap Objective. Use its right arrow. For drag, drop before a section in the opposite column.","The whole Objective moves to the requested position; no text, list item, link, date, or formatting is lost or duplicated.","Ready for independent manual execution"
"RF-MAN-110","Section movement — Resume page","Critical","Tablet Edge","Move Objective using drag handle to a precise target","Objective is visible with unique multi-line content; page section controls are available.","Hover or tap Objective. Use its drag handle to a precise target. For drag, drop before a section in the opposite column.","The whole Objective moves to the requested position; no text, list item, link, date, or formatting is lost or duplicated.","Ready for independent manual execution"
"RF-MAN-111","Section movement — Resume page","High","Windows Chrome","Move Experience using up arrow","Experience is visible with unique multi-line content; page section controls are available.","Hover or tap Experience. Use its up arrow. For drag, drop before a section in the opposite column.","The whole Experience moves to the requested position; no text, list item, link, date, or formatting is lost or duplicated.","Ready for independent manual execution"
"RF-MAN-112","Section movement — Resume page","Medium","Windows Edge","Move Experience using down arrow","Experience is visible with unique multi-line content; page section controls are available.","Hover or tap Experience. Use its down arrow. For drag, drop before a section in the opposite column.","The whole Experience moves to the requested position; no text, list item, link, date, or formatting is lost or duplicated.","Ready for independent manual execution"
"RF-MAN-113","Section movement — Resume page","Critical","Windows Firefox","Move Experience using left arrow","Experience is visible with unique multi-line content; page section controls are available.","Hover or tap Experience. Use its left arrow. For drag, drop before a section in the opposite column.","The whole Experience moves to the requested position; no text, list item, link, date, or formatting is lost or duplicated.","Ready for independent manual execution"
"RF-MAN-114","Section movement — Resume page","High","macOS Safari","Move Experience using right arrow","Experience is visible with unique multi-line content; page section controls are available.","Hover or tap Experience. Use its right arrow. For drag, drop before a section in the opposite column.","The whole Experience moves to the requested position; no text, list item, link, date, or formatting is lost or duplicated.","Ready for independent manual execution"
"RF-MAN-115","Section movement — Resume page","Medium","macOS Chrome","Move Experience using drag handle to a precise target","Experience is visible with unique multi-line content; page section controls are available.","Hover or tap Experience. Use its drag handle to a precise target. For drag, drop before a section in the opposite column.","The whole Experience moves to the requested position; no text, list item, link, date, or formatting is lost or duplicated.","Ready for independent manual execution"
"RF-MAN-116","Section movement — Resume page","Critical","Android Chrome","Move Education using up arrow","Education is visible with unique multi-line content; page section controls are available.","Hover or tap Education. Use its up arrow. For drag, drop before a section in the opposite column.","The whole Education moves to the requested position; no text, list item, link, date, or formatting is lost or duplicated.","Ready for independent manual execution"
"RF-MAN-117","Section movement — Resume page","High","iPhone Safari","Move Education using down arrow","Education is visible with unique multi-line content; page section controls are available.","Hover or tap Education. Use its down arrow. For drag, drop before a section in the opposite column.","The whole Education moves to the requested position; no text, list item, link, date, or formatting is lost or duplicated.","Ready for independent manual execution"
"RF-MAN-118","Section movement — Resume page","Medium","iPad Safari","Move Education using left arrow","Education is visible with unique multi-line content; page section controls are available.","Hover or tap Education. Use its left arrow. For drag, drop before a section in the opposite column.","The whole Education moves to the requested position; no text, list item, link, date, or formatting is lost or duplicated.","Ready for independent manual execution"
"RF-MAN-119","Section movement — Resume page","Critical","Linux Chrome","Move Education using right arrow","Education is visible with unique multi-line content; page section controls are available.","Hover or tap Education. Use its right arrow. For drag, drop before a section in the opposite column.","The whole Education moves to the requested position; no text, list item, link, date, or formatting is lost or duplicated.","Ready for independent manual execution"
"RF-MAN-120","Section movement — Resume page","High","Tablet Edge","Move Education using drag handle to a precise target","Education is visible with unique multi-line content; page section controls are available.","Hover or tap Education. Use its drag handle to a precise target. For drag, drop before a section in the opposite column.","The whole Education moves to the requested position; no text, list item, link, date, or formatting is lost or duplicated.","Ready for independent manual execution"
"RF-MAN-121","Section movement — Resume page","Medium","Windows Chrome","Move Certifications using up arrow","Certifications is visible with unique multi-line content; page section controls are available.","Hover or tap Certifications. Use its up arrow. For drag, drop before a section in the opposite column.","The whole Certifications moves to the requested position; no text, list item, link, date, or formatting is lost or duplicated.","Ready for independent manual execution"
"RF-MAN-122","Section movement — Resume page","Critical","Windows Edge","Move Certifications using down arrow","Certifications is visible with unique multi-line content; page section controls are available.","Hover or tap Certifications. Use its down arrow. For drag, drop before a section in the opposite column.","The whole Certifications moves to the requested position; no text, list item, link, date, or formatting is lost or duplicated.","Ready for independent manual execution"
"RF-MAN-123","Section movement — Resume page","High","Windows Firefox","Move Certifications using left arrow","Certifications is visible with unique multi-line content; page section controls are available.","Hover or tap Certifications. Use its left arrow. For drag, drop before a section in the opposite column.","The whole Certifications moves to the requested position; no text, list item, link, date, or formatting is lost or duplicated.","Ready for independent manual execution"
"RF-MAN-124","Section movement — Resume page","Medium","macOS Safari","Move Certifications using right arrow","Certifications is visible with unique multi-line content; page section controls are available.","Hover or tap Certifications. Use its right arrow. For drag, drop before a section in the opposite column.","The whole Certifications moves to the requested position; no text, list item, link, date, or formatting is lost or duplicated.","Ready for independent manual execution"
"RF-MAN-125","Section movement — Resume page","Critical","macOS Chrome","Move Certifications using drag handle to a precise target","Certifications is visible with unique multi-line content; page section controls are available.","Hover or tap Certifications. Use its drag handle to a precise target. For drag, drop before a section in the opposite column.","The whole Certifications moves to the requested position; no text, list item, link, date, or formatting is lost or duplicated.","Ready for independent manual execution"
"RF-MAN-126","Section movement — Resume page","High","Android Chrome","Move Projects using up arrow","Projects is visible with unique multi-line content; page section controls are available.","Hover or tap Projects. Use its up arrow. For drag, drop before a section in the opposite column.","The whole Projects moves to the requested position; no text, list item, link, date, or formatting is lost or duplicated.","Ready for independent manual execution"
"RF-MAN-127","Section movement — Resume page","Medium","iPhone Safari","Move Projects using down arrow","Projects is visible with unique multi-line content; page section controls are available.","Hover or tap Projects. Use its down arrow. For drag, drop before a section in the opposite column.","The whole Projects moves to the requested position; no text, list item, link, date, or formatting is lost or duplicated.","Ready for independent manual execution"
"RF-MAN-128","Section movement — Resume page","Critical","iPad Safari","Move Projects using left arrow","Projects is visible with unique multi-line content; page section controls are available.","Hover or tap Projects. Use its left arrow. For drag, drop before a section in the opposite column.","The whole Projects moves to the requested position; no text, list item, link, date, or formatting is lost or duplicated.","Ready for independent manual execution"
"RF-MAN-129","Section movement — Resume page","High","Linux Chrome","Move Projects using right arrow","Projects is visible with unique multi-line content; page section controls are available.","Hover or tap Projects. Use its right arrow. For drag, drop before a section in the opposite column.","The whole Projects moves to the requested position; no text, list item, link, date, or formatting is lost or duplicated.","Ready for independent manual execution"
"RF-MAN-130","Section movement — Resume page","Medium","Tablet Edge","Move Projects using drag handle to a precise target","Projects is visible with unique multi-line content; page section controls are available.","Hover or tap Projects. Use its drag handle to a precise target. For drag, drop before a section in the opposite column.","The whole Projects moves to the requested position; no text, list item, link, date, or formatting is lost or duplicated.","Ready for independent manual execution"
"RF-MAN-131","Section movement — Resume page","Critical","Windows Chrome","Move Skills using up arrow","Skills is visible with unique multi-line content; page section controls are available.","Hover or tap Skills. Use its up arrow. For drag, drop before a section in the opposite column.","The whole Skills moves to the requested position; no text, list item, link, date, or formatting is lost or duplicated.","Ready for independent manual execution"
"RF-MAN-132","Section movement — Resume page","High","Windows Edge","Move Skills using down arrow","Skills is visible with unique multi-line content; page section controls are available.","Hover or tap Skills. Use its down arrow. For drag, drop before a section in the opposite column.","The whole Skills moves to the requested position; no text, list item, link, date, or formatting is lost or duplicated.","Ready for independent manual execution"
"RF-MAN-133","Section movement — Resume page","Medium","Windows Firefox","Move Skills using left arrow","Skills is visible with unique multi-line content; page section controls are available.","Hover or tap Skills. Use its left arrow. For drag, drop before a section in the opposite column.","The whole Skills moves to the requested position; no text, list item, link, date, or formatting is lost or duplicated.","Ready for independent manual execution"
"RF-MAN-134","Section movement — Resume page","Critical","macOS Safari","Move Skills using right arrow","Skills is visible with unique multi-line content; page section controls are available.","Hover or tap Skills. Use its right arrow. For drag, drop before a section in the opposite column.","The whole Skills moves to the requested position; no text, list item, link, date, or formatting is lost or duplicated.","Ready for independent manual execution"
"RF-MAN-135","Section movement — Resume page","High","macOS Chrome","Move Skills using drag handle to a precise target","Skills is visible with unique multi-line content; page section controls are available.","Hover or tap Skills. Use its drag handle to a precise target. For drag, drop before a section in the opposite column.","The whole Skills moves to the requested position; no text, list item, link, date, or formatting is lost or duplicated.","Ready for independent manual execution"
"RF-MAN-136","Section movement — Resume page","Medium","Android Chrome","Move Awards using up arrow","Awards is visible with unique multi-line content; page section controls are available.","Hover or tap Awards. Use its up arrow. For drag, drop before a section in the opposite column.","The whole Awards moves to the requested position; no text, list item, link, date, or formatting is lost or duplicated.","Ready for independent manual execution"
"RF-MAN-137","Section movement — Resume page","Critical","iPhone Safari","Move Awards using down arrow","Awards is visible with unique multi-line content; page section controls are available.","Hover or tap Awards. Use its down arrow. For drag, drop before a section in the opposite column.","The whole Awards moves to the requested position; no text, list item, link, date, or formatting is lost or duplicated.","Ready for independent manual execution"
"RF-MAN-138","Section movement — Resume page","High","iPad Safari","Move Awards using left arrow","Awards is visible with unique multi-line content; page section controls are available.","Hover or tap Awards. Use its left arrow. For drag, drop before a section in the opposite column.","The whole Awards moves to the requested position; no text, list item, link, date, or formatting is lost or duplicated.","Ready for independent manual execution"
"RF-MAN-139","Section movement — Resume page","Medium","Linux Chrome","Move Awards using right arrow","Awards is visible with unique multi-line content; page section controls are available.","Hover or tap Awards. Use its right arrow. For drag, drop before a section in the opposite column.","The whole Awards moves to the requested position; no text, list item, link, date, or formatting is lost or duplicated.","Ready for independent manual execution"
"RF-MAN-140","Section movement — Resume page","Critical","Tablet Edge","Move Awards using drag handle to a precise target","Awards is visible with unique multi-line content; page section controls are available.","Hover or tap Awards. Use its drag handle to a precise target. For drag, drop before a section in the opposite column.","The whole Awards moves to the requested position; no text, list item, link, date, or formatting is lost or duplicated.","Ready for independent manual execution"
"RF-MAN-141","Section movement — Resume page","High","Windows Chrome","Move Technical Skills using up arrow","Technical Skills is visible with unique multi-line content; page section controls are available.","Hover or tap Technical Skills. Use its up arrow. For drag, drop before a section in the opposite column.","The whole Technical Skills moves to the requested position; no text, list item, link, date, or formatting is lost or duplicated.","Ready for independent manual execution"
"RF-MAN-142","Section movement — Resume page","Medium","Windows Edge","Move Technical Skills using down arrow","Technical Skills is visible with unique multi-line content; page section controls are available.","Hover or tap Technical Skills. Use its down arrow. For drag, drop before a section in the opposite column.","The whole Technical Skills moves to the requested position; no text, list item, link, date, or formatting is lost or duplicated.","Ready for independent manual execution"
"RF-MAN-143","Section movement — Resume page","Critical","Windows Firefox","Move Technical Skills using left arrow","Technical Skills is visible with unique multi-line content; page section controls are available.","Hover or tap Technical Skills. Use its left arrow. For drag, drop before a section in the opposite column.","The whole Technical Skills moves to the requested position; no text, list item, link, date, or formatting is lost or duplicated.","Ready for independent manual execution"
"RF-MAN-144","Section movement — Resume page","High","macOS Safari","Move Technical Skills using right arrow","Technical Skills is visible with unique multi-line content; page section controls are available.","Hover or tap Technical Skills. Use its right arrow. For drag, drop before a section in the opposite column.","The whole Technical Skills moves to the requested position; no text, list item, link, date, or formatting is lost or duplicated.","Ready for independent manual execution"
"RF-MAN-145","Section movement — Resume page","Medium","macOS Chrome","Move Technical Skills using drag handle to a precise target","Technical Skills is visible with unique multi-line content; page section controls are available.","Hover or tap Technical Skills. Use its drag handle to a precise target. For drag, drop before a section in the opposite column.","The whole Technical Skills moves to the requested position; no text, list item, link, date, or formatting is lost or duplicated.","Ready for independent manual execution"
"RF-MAN-146","Section movement — Resume page","Critical","Android Chrome","Move Languages using up arrow","Languages is visible with unique multi-line content; page section controls are available.","Hover or tap Languages. Use its up arrow. For drag, drop before a section in the opposite column.","The whole Languages moves to the requested position; no text, list item, link, date, or formatting is lost or duplicated.","Ready for independent manual execution"
"RF-MAN-147","Section movement — Resume page","High","iPhone Safari","Move Languages using down arrow","Languages is visible with unique multi-line content; page section controls are available.","Hover or tap Languages. Use its down arrow. For drag, drop before a section in the opposite column.","The whole Languages moves to the requested position; no text, list item, link, date, or formatting is lost or duplicated.","Ready for independent manual execution"
"RF-MAN-148","Section movement — Resume page","Medium","iPad Safari","Move Languages using left arrow","Languages is visible with unique multi-line content; page section controls are available.","Hover or tap Languages. Use its left arrow. For drag, drop before a section in the opposite column.","The whole Languages moves to the requested position; no text, list item, link, date, or formatting is lost or duplicated.","Ready for independent manual execution"
"RF-MAN-149","Section movement — Resume page","Critical","Linux Chrome","Move Languages using right arrow","Languages is visible with unique multi-line content; page section controls are available.","Hover or tap Languages. Use its right arrow. For drag, drop before a section in the opposite column.","The whole Languages moves to the requested position; no text, list item, link, date, or formatting is lost or duplicated.","Ready for independent manual execution"
"RF-MAN-150","Section movement — Resume page","High","Tablet Edge","Move Languages using drag handle to a precise target","Languages is visible with unique multi-line content; page section controls are available.","Hover or tap Languages. Use its drag handle to a precise target. For drag, drop before a section in the opposite column.","The whole Languages moves to the requested position; no text, list item, link, date, or formatting is lost or duplicated.","Ready for independent manual execution"
"RF-MAN-151","Section movement — Resume page","Medium","Windows Chrome","Move Personal Details using up arrow","Personal Details is visible with unique multi-line content; page section controls are available.","Hover or tap Personal Details. Use its up arrow. For drag, drop before a section in the opposite column.","The whole Personal Details moves to the requested position; no text, list item, link, date, or formatting is lost or duplicated.","Ready for independent manual execution"
"RF-MAN-152","Section movement — Resume page","Critical","Windows Edge","Move Personal Details using down arrow","Personal Details is visible with unique multi-line content; page section controls are available.","Hover or tap Personal Details. Use its down arrow. For drag, drop before a section in the opposite column.","The whole Personal Details moves to the requested position; no text, list item, link, date, or formatting is lost or duplicated.","Ready for independent manual execution"
"RF-MAN-153","Section movement — Resume page","High","Windows Firefox","Move Personal Details using left arrow","Personal Details is visible with unique multi-line content; page section controls are available.","Hover or tap Personal Details. Use its left arrow. For drag, drop before a section in the opposite column.","The whole Personal Details moves to the requested position; no text, list item, link, date, or formatting is lost or duplicated.","Ready for independent manual execution"
"RF-MAN-154","Section movement — Resume page","Medium","macOS Safari","Move Personal Details using right arrow","Personal Details is visible with unique multi-line content; page section controls are available.","Hover or tap Personal Details. Use its right arrow. For drag, drop before a section in the opposite column.","The whole Personal Details moves to the requested position; no text, list item, link, date, or formatting is lost or duplicated.","Ready for independent manual execution"
"RF-MAN-155","Section movement — Resume page","Critical","macOS Chrome","Move Personal Details using drag handle to a precise target","Personal Details is visible with unique multi-line content; page section controls are available.","Hover or tap Personal Details. Use its drag handle to a precise target. For drag, drop before a section in the opposite column.","The whole Personal Details moves to the requested position; no text, list item, link, date, or formatting is lost or duplicated.","Ready for independent manual execution"
"RF-MAN-156","Section movement — Resume page","High","Android Chrome","Move Volunteer Experience using up arrow","Volunteer Experience is visible with unique multi-line content; page section controls are available.","Hover or tap Volunteer Experience. Use its up arrow. For drag, drop before a section in the opposite column.","The whole Volunteer Experience moves to the requested position; no text, list item, link, date, or formatting is lost or duplicated.","Ready for independent manual execution"
"RF-MAN-157","Section movement — Resume page","Medium","iPhone Safari","Move Volunteer Experience using down arrow","Volunteer Experience is visible with unique multi-line content; page section controls are available.","Hover or tap Volunteer Experience. Use its down arrow. For drag, drop before a section in the opposite column.","The whole Volunteer Experience moves to the requested position; no text, list item, link, date, or formatting is lost or duplicated.","Ready for independent manual execution"
"RF-MAN-158","Section movement — Resume page","Critical","iPad Safari","Move Volunteer Experience using left arrow","Volunteer Experience is visible with unique multi-line content; page section controls are available.","Hover or tap Volunteer Experience. Use its left arrow. For drag, drop before a section in the opposite column.","The whole Volunteer Experience moves to the requested position; no text, list item, link, date, or formatting is lost or duplicated.","Ready for independent manual execution"
"RF-MAN-159","Section movement — Resume page","High","Linux Chrome","Move Volunteer Experience using right arrow","Volunteer Experience is visible with unique multi-line content; page section controls are available.","Hover or tap Volunteer Experience. Use its right arrow. For drag, drop before a section in the opposite column.","The whole Volunteer Experience moves to the requested position; no text, list item, link, date, or formatting is lost or duplicated.","Ready for independent manual execution"
"RF-MAN-160","Section movement — Resume page","Medium","Tablet Edge","Move Volunteer Experience using drag handle to a precise target","Volunteer Experience is visible with unique multi-line content; page section controls are available.","Hover or tap Volunteer Experience. Use its drag handle to a precise target. For drag, drop before a section in the opposite column.","The whole Volunteer Experience moves to the requested position; no text, list item, link, date, or formatting is lost or duplicated.","Ready for independent manual execution"
"RF-MAN-161","Section movement — Resume page","Critical","Windows Chrome","Move Publications using up arrow","Publications is visible with unique multi-line content; page section controls are available.","Hover or tap Publications. Use its up arrow. For drag, drop before a section in the opposite column.","The whole Publications moves to the requested position; no text, list item, link, date, or formatting is lost or duplicated.","Ready for independent manual execution"
"RF-MAN-162","Section movement — Resume page","High","Windows Edge","Move Publications using down arrow","Publications is visible with unique multi-line content; page section controls are available.","Hover or tap Publications. Use its down arrow. For drag, drop before a section in the opposite column.","The whole Publications moves to the requested position; no text, list item, link, date, or formatting is lost or duplicated.","Ready for independent manual execution"
"RF-MAN-163","Section movement — Resume page","Medium","Windows Firefox","Move Publications using left arrow","Publications is visible with unique multi-line content; page section controls are available.","Hover or tap Publications. Use its left arrow. For drag, drop before a section in the opposite column.","The whole Publications moves to the requested position; no text, list item, link, date, or formatting is lost or duplicated.","Ready for independent manual execution"
"RF-MAN-164","Section movement — Resume page","Critical","macOS Safari","Move Publications using right arrow","Publications is visible with unique multi-line content; page section controls are available.","Hover or tap Publications. Use its right arrow. For drag, drop before a section in the opposite column.","The whole Publications moves to the requested position; no text, list item, link, date, or formatting is lost or duplicated.","Ready for independent manual execution"
"RF-MAN-165","Section movement — Resume page","High","macOS Chrome","Move Publications using drag handle to a precise target","Publications is visible with unique multi-line content; page section controls are available.","Hover or tap Publications. Use its drag handle to a precise target. For drag, drop before a section in the opposite column.","The whole Publications moves to the requested position; no text, list item, link, date, or formatting is lost or duplicated.","Ready for independent manual execution"
"RF-MAN-166","Section movement — Resume page","Medium","Android Chrome","Move Patents using up arrow","Patents is visible with unique multi-line content; page section controls are available.","Hover or tap Patents. Use its up arrow. For drag, drop before a section in the opposite column.","The whole Patents moves to the requested position; no text, list item, link, date, or formatting is lost or duplicated.","Ready for independent manual execution"
"RF-MAN-167","Section movement — Resume page","Critical","iPhone Safari","Move Patents using down arrow","Patents is visible with unique multi-line content; page section controls are available.","Hover or tap Patents. Use its down arrow. For drag, drop before a section in the opposite column.","The whole Patents moves to the requested position; no text, list item, link, date, or formatting is lost or duplicated.","Ready for independent manual execution"
"RF-MAN-168","Section movement — Resume page","High","iPad Safari","Move Patents using left arrow","Patents is visible with unique multi-line content; page section controls are available.","Hover or tap Patents. Use its left arrow. For drag, drop before a section in the opposite column.","The whole Patents moves to the requested position; no text, list item, link, date, or formatting is lost or duplicated.","Ready for independent manual execution"
"RF-MAN-169","Section movement — Resume page","Medium","Linux Chrome","Move Patents using right arrow","Patents is visible with unique multi-line content; page section controls are available.","Hover or tap Patents. Use its right arrow. For drag, drop before a section in the opposite column.","The whole Patents moves to the requested position; no text, list item, link, date, or formatting is lost or duplicated.","Ready for independent manual execution"
"RF-MAN-170","Section movement — Resume page","Critical","Tablet Edge","Move Patents using drag handle to a precise target","Patents is visible with unique multi-line content; page section controls are available.","Hover or tap Patents. Use its drag handle to a precise target. For drag, drop before a section in the opposite column.","The whole Patents moves to the requested position; no text, list item, link, date, or formatting is lost or duplicated.","Ready for independent manual execution"
"RF-MAN-171","Section movement — Resume page","High","Windows Chrome","Move References using up arrow","References is visible with unique multi-line content; page section controls are available.","Hover or tap References. Use its up arrow. For drag, drop before a section in the opposite column.","The whole References moves to the requested position; no text, list item, link, date, or formatting is lost or duplicated.","Ready for independent manual execution"
"RF-MAN-172","Section movement — Resume page","Medium","Windows Edge","Move References using down arrow","References is visible with unique multi-line content; page section controls are available.","Hover or tap References. Use its down arrow. For drag, drop before a section in the opposite column.","The whole References moves to the requested position; no text, list item, link, date, or formatting is lost or duplicated.","Ready for independent manual execution"
"RF-MAN-173","Section movement — Resume page","Critical","Windows Firefox","Move References using left arrow","References is visible with unique multi-line content; page section controls are available.","Hover or tap References. Use its left arrow. For drag, drop before a section in the opposite column.","The whole References moves to the requested position; no text, list item, link, date, or formatting is lost or duplicated.","Ready for independent manual execution"
"RF-MAN-174","Section movement — Resume page","High","macOS Safari","Move References using right arrow","References is visible with unique multi-line content; page section controls are available.","Hover or tap References. Use its right arrow. For drag, drop before a section in the opposite column.","The whole References moves to the requested position; no text, list item, link, date, or formatting is lost or duplicated.","Ready for independent manual execution"
"RF-MAN-175","Section movement — Resume page","Medium","macOS Chrome","Move References using drag handle to a precise target","References is visible with unique multi-line content; page section controls are available.","Hover or tap References. Use its drag handle to a precise target. For drag, drop before a section in the opposite column.","The whole References moves to the requested position; no text, list item, link, date, or formatting is lost or duplicated.","Ready for independent manual execution"
"RF-MAN-176","Section movement — Resume page","Critical","Android Chrome","Move Courses using up arrow","Courses is visible with unique multi-line content; page section controls are available.","Hover or tap Courses. Use its up arrow. For drag, drop before a section in the opposite column.","The whole Courses moves to the requested position; no text, list item, link, date, or formatting is lost or duplicated.","Ready for independent manual execution"
"RF-MAN-177","Section movement — Resume page","High","iPhone Safari","Move Courses using down arrow","Courses is visible with unique multi-line content; page section controls are available.","Hover or tap Courses. Use its down arrow. For drag, drop before a section in the opposite column.","The whole Courses moves to the requested position; no text, list item, link, date, or formatting is lost or duplicated.","Ready for independent manual execution"
"RF-MAN-178","Section movement — Resume page","Medium","iPad Safari","Move Courses using left arrow","Courses is visible with unique multi-line content; page section controls are available.","Hover or tap Courses. Use its left arrow. For drag, drop before a section in the opposite column.","The whole Courses moves to the requested position; no text, list item, link, date, or formatting is lost or duplicated.","Ready for independent manual execution"
"RF-MAN-179","Section movement — Resume page","Critical","Linux Chrome","Move Courses using right arrow","Courses is visible with unique multi-line content; page section controls are available.","Hover or tap Courses. Use its right arrow. For drag, drop before a section in the opposite column.","The whole Courses moves to the requested position; no text, list item, link, date, or formatting is lost or duplicated.","Ready for independent manual execution"
"RF-MAN-180","Section movement — Resume page","High","Tablet Edge","Move Courses using drag handle to a precise target","Courses is visible with unique multi-line content; page section controls are available.","Hover or tap Courses. Use its drag handle to a precise target. For drag, drop before a section in the opposite column.","The whole Courses moves to the requested position; no text, list item, link, date, or formatting is lost or duplicated.","Ready for independent manual execution"
"RF-MAN-181","Section movement — Resume page","Medium","Windows Chrome","Move Professional Memberships using up arrow","Professional Memberships is visible with unique multi-line content; page section controls are available.","Hover or tap Professional Memberships. Use its up arrow. For drag, drop before a section in the opposite column.","The whole Professional Memberships moves to the requested position; no text, list item, link, date, or formatting is lost or duplicated.","Ready for independent manual execution"
"RF-MAN-182","Section movement — Resume page","Critical","Windows Edge","Move Professional Memberships using down arrow","Professional Memberships is visible with unique multi-line content; page section controls are available.","Hover or tap Professional Memberships. Use its down arrow. For drag, drop before a section in the opposite column.","The whole Professional Memberships moves to the requested position; no text, list item, link, date, or formatting is lost or duplicated.","Ready for independent manual execution"
"RF-MAN-183","Section movement — Resume page","High","Windows Firefox","Move Professional Memberships using left arrow","Professional Memberships is visible with unique multi-line content; page section controls are available.","Hover or tap Professional Memberships. Use its left arrow. For drag, drop before a section in the opposite column.","The whole Professional Memberships moves to the requested position; no text, list item, link, date, or formatting is lost or duplicated.","Ready for independent manual execution"
"RF-MAN-184","Section movement — Resume page","Medium","macOS Safari","Move Professional Memberships using right arrow","Professional Memberships is visible with unique multi-line content; page section controls are available.","Hover or tap Professional Memberships. Use its right arrow. For drag, drop before a section in the opposite column.","The whole Professional Memberships moves to the requested position; no text, list item, link, date, or formatting is lost or duplicated.","Ready for independent manual execution"
"RF-MAN-185","Section movement — Resume page","Critical","macOS Chrome","Move Professional Memberships using drag handle to a precise target","Professional Memberships is visible with unique multi-line content; page section controls are available.","Hover or tap Professional Memberships. Use its drag handle to a precise target. For drag, drop before a section in the opposite column.","The whole Professional Memberships moves to the requested position; no text, list item, link, date, or formatting is lost or duplicated.","Ready for independent manual execution"
"RF-MAN-186","Section movement — Resume page","High","Android Chrome","Move Interests using up arrow","Interests is visible with unique multi-line content; page section controls are available.","Hover or tap Interests. Use its up arrow. For drag, drop before a section in the opposite column.","The whole Interests moves to the requested position; no text, list item, link, date, or formatting is lost or duplicated.","Ready for independent manual execution"
"RF-MAN-187","Section movement — Resume page","Medium","iPhone Safari","Move Interests using down arrow","Interests is visible with unique multi-line content; page section controls are available.","Hover or tap Interests. Use its down arrow. For drag, drop before a section in the opposite column.","The whole Interests moves to the requested position; no text, list item, link, date, or formatting is lost or duplicated.","Ready for independent manual execution"
"RF-MAN-188","Section movement — Resume page","Critical","iPad Safari","Move Interests using left arrow","Interests is visible with unique multi-line content; page section controls are available.","Hover or tap Interests. Use its left arrow. For drag, drop before a section in the opposite column.","The whole Interests moves to the requested position; no text, list item, link, date, or formatting is lost or duplicated.","Ready for independent manual execution"
"RF-MAN-189","Section movement — Resume page","High","Linux Chrome","Move Interests using right arrow","Interests is visible with unique multi-line content; page section controls are available.","Hover or tap Interests. Use its right arrow. For drag, drop before a section in the opposite column.","The whole Interests moves to the requested position; no text, list item, link, date, or formatting is lost or duplicated.","Ready for independent manual execution"
"RF-MAN-190","Section movement — Resume page","Medium","Tablet Edge","Move Interests using drag handle to a precise target","Interests is visible with unique multi-line content; page section controls are available.","Hover or tap Interests. Use its drag handle to a precise target. For drag, drop before a section in the opposite column.","The whole Interests moves to the requested position; no text, list item, link, date, or formatting is lost or duplicated.","Ready for independent manual execution"
"RF-MAN-191","Section movement — Resume page","Critical","Windows Chrome","Move Security Clearances using up arrow","Security Clearances is visible with unique multi-line content; page section controls are available.","Hover or tap Security Clearances. Use its up arrow. For drag, drop before a section in the opposite column.","The whole Security Clearances moves to the requested position; no text, list item, link, date, or formatting is lost or duplicated.","Ready for independent manual execution"
"RF-MAN-192","Section movement — Resume page","High","Windows Edge","Move Security Clearances using down arrow","Security Clearances is visible with unique multi-line content; page section controls are available.","Hover or tap Security Clearances. Use its down arrow. For drag, drop before a section in the opposite column.","The whole Security Clearances moves to the requested position; no text, list item, link, date, or formatting is lost or duplicated.","Ready for independent manual execution"
"RF-MAN-193","Section movement — Resume page","Medium","Windows Firefox","Move Security Clearances using left arrow","Security Clearances is visible with unique multi-line content; page section controls are available.","Hover or tap Security Clearances. Use its left arrow. For drag, drop before a section in the opposite column.","The whole Security Clearances moves to the requested position; no text, list item, link, date, or formatting is lost or duplicated.","Ready for independent manual execution"
"RF-MAN-194","Section movement — Resume page","Critical","macOS Safari","Move Security Clearances using right arrow","Security Clearances is visible with unique multi-line content; page section controls are available.","Hover or tap Security Clearances. Use its right arrow. For drag, drop before a section in the opposite column.","The whole Security Clearances moves to the requested position; no text, list item, link, date, or formatting is lost or duplicated.","Ready for independent manual execution"
"RF-MAN-195","Section movement — Resume page","High","macOS Chrome","Move Security Clearances using drag handle to a precise target","Security Clearances is visible with unique multi-line content; page section controls are available.","Hover or tap Security Clearances. Use its drag handle to a precise target. For drag, drop before a section in the opposite column.","The whole Security Clearances moves to the requested position; no text, list item, link, date, or formatting is lost or duplicated.","Ready for independent manual execution"
"RF-MAN-196","Section movement — Resume page","Medium","Android Chrome","Move Portfolio using up arrow","Portfolio is visible with unique multi-line content; page section controls are available.","Hover or tap Portfolio. Use its up arrow. For drag, drop before a section in the opposite column.","The whole Portfolio moves to the requested position; no text, list item, link, date, or formatting is lost or duplicated.","Ready for independent manual execution"
"RF-MAN-197","Section movement — Resume page","Critical","iPhone Safari","Move Portfolio using down arrow","Portfolio is visible with unique multi-line content; page section controls are available.","Hover or tap Portfolio. Use its down arrow. For drag, drop before a section in the opposite column.","The whole Portfolio moves to the requested position; no text, list item, link, date, or formatting is lost or duplicated.","Ready for independent manual execution"
"RF-MAN-198","Section movement — Resume page","High","iPad Safari","Move Portfolio using left arrow","Portfolio is visible with unique multi-line content; page section controls are available.","Hover or tap Portfolio. Use its left arrow. For drag, drop before a section in the opposite column.","The whole Portfolio moves to the requested position; no text, list item, link, date, or formatting is lost or duplicated.","Ready for independent manual execution"
"RF-MAN-199","Section movement — Resume page","Medium","Linux Chrome","Move Portfolio using right arrow","Portfolio is visible with unique multi-line content; page section controls are available.","Hover or tap Portfolio. Use its right arrow. For drag, drop before a section in the opposite column.","The whole Portfolio moves to the requested position; no text, list item, link, date, or formatting is lost or duplicated.","Ready for independent manual execution"
"RF-MAN-200","Section movement — Resume page","Critical","Tablet Edge","Move Portfolio using drag handle to a precise target","Portfolio is visible with unique multi-line content; page section controls are available.","Hover or tap Portfolio. Use its drag handle to a precise target. For drag, drop before a section in the opposite column.","The whole Portfolio moves to the requested position; no text, list item, link, date, or formatting is lost or duplicated.","Ready for independent manual execution"
"RF-MAN-201","Persistence and pages","Critical","Windows Chrome","autosave after move in a single-page resume","A single-page resume contains moved sections with unique detail markers.","Perform autosave after move. Navigate away from and back to every affected page.","Section order, column, complete content, visibility, design scope, and editable state remain unchanged.","Ready for independent manual execution"
"RF-MAN-202","Persistence and pages","High","Windows Edge","autosave after move in a two-page resume","A two-page resume contains moved sections with unique detail markers.","Perform autosave after move. Navigate away from and back to every affected page.","Section order, column, complete content, visibility, design scope, and editable state remain unchanged.","Ready for independent manual execution"
"RF-MAN-203","Persistence and pages","Medium","Windows Firefox","autosave after move in a five-page resume","A five-page resume contains moved sections with unique detail markers.","Perform autosave after move. Navigate away from and back to every affected page.","Section order, column, complete content, visibility, design scope, and editable state remain unchanged.","Ready for independent manual execution"
"RF-MAN-204","Persistence and pages","Critical","macOS Safari","autosave after move in a page-specific design resume","A page-specific design resume contains moved sections with unique detail markers.","Perform autosave after move. Navigate away from and back to every affected page.","Section order, column, complete content, visibility, design scope, and editable state remain unchanged.","Ready for independent manual execution"
"RF-MAN-205","Persistence and pages","High","macOS Chrome","manual save after move in a single-page resume","A single-page resume contains moved sections with unique detail markers.","Perform manual save after move. Navigate away from and back to every affected page.","Section order, column, complete content, visibility, design scope, and editable state remain unchanged.","Ready for independent manual execution"
"RF-MAN-206","Persistence and pages","Medium","Android Chrome","manual save after move in a two-page resume","A two-page resume contains moved sections with unique detail markers.","Perform manual save after move. Navigate away from and back to every affected page.","Section order, column, complete content, visibility, design scope, and editable state remain unchanged.","Ready for independent manual execution"
"RF-MAN-207","Persistence and pages","Critical","iPhone Safari","manual save after move in a five-page resume","A five-page resume contains moved sections with unique detail markers.","Perform manual save after move. Navigate away from and back to every affected page.","Section order, column, complete content, visibility, design scope, and editable state remain unchanged.","Ready for independent manual execution"
"RF-MAN-208","Persistence and pages","High","iPad Safari","manual save after move in a page-specific design resume","A page-specific design resume contains moved sections with unique detail markers.","Perform manual save after move. Navigate away from and back to every affected page.","Section order, column, complete content, visibility, design scope, and editable state remain unchanged.","Ready for independent manual execution"
"RF-MAN-209","Persistence and pages","Medium","Linux Chrome","page navigation round trip in a single-page resume","A single-page resume contains moved sections with unique detail markers.","Perform page navigation round trip. Navigate away from and back to every affected page.","Section order, column, complete content, visibility, design scope, and editable state remain unchanged.","Ready for independent manual execution"
"RF-MAN-210","Persistence and pages","Critical","Tablet Edge","page navigation round trip in a two-page resume","A two-page resume contains moved sections with unique detail markers.","Perform page navigation round trip. Navigate away from and back to every affected page.","Section order, column, complete content, visibility, design scope, and editable state remain unchanged.","Ready for independent manual execution"
"RF-MAN-211","Persistence and pages","High","Windows Chrome","page navigation round trip in a five-page resume","A five-page resume contains moved sections with unique detail markers.","Perform page navigation round trip. Navigate away from and back to every affected page.","Section order, column, complete content, visibility, design scope, and editable state remain unchanged.","Ready for independent manual execution"
"RF-MAN-212","Persistence and pages","Medium","Windows Edge","page navigation round trip in a page-specific design resume","A page-specific design resume contains moved sections with unique detail markers.","Perform page navigation round trip. Navigate away from and back to every affected page.","Section order, column, complete content, visibility, design scope, and editable state remain unchanged.","Ready for independent manual execution"
"RF-MAN-213","Persistence and pages","Critical","Windows Firefox","close and reopen saved resume in a single-page resume","A single-page resume contains moved sections with unique detail markers.","Perform close and reopen saved resume. Navigate away from and back to every affected page.","Section order, column, complete content, visibility, design scope, and editable state remain unchanged.","Ready for independent manual execution"
"RF-MAN-214","Persistence and pages","High","macOS Safari","close and reopen saved resume in a two-page resume","A two-page resume contains moved sections with unique detail markers.","Perform close and reopen saved resume. Navigate away from and back to every affected page.","Section order, column, complete content, visibility, design scope, and editable state remain unchanged.","Ready for independent manual execution"
"RF-MAN-215","Persistence and pages","Medium","macOS Chrome","close and reopen saved resume in a five-page resume","A five-page resume contains moved sections with unique detail markers.","Perform close and reopen saved resume. Navigate away from and back to every affected page.","Section order, column, complete content, visibility, design scope, and editable state remain unchanged.","Ready for independent manual execution"
"RF-MAN-216","Persistence and pages","Critical","Android Chrome","close and reopen saved resume in a page-specific design resume","A page-specific design resume contains moved sections with unique detail markers.","Perform close and reopen saved resume. Navigate away from and back to every affected page.","Section order, column, complete content, visibility, design scope, and editable state remain unchanged.","Ready for independent manual execution"
"RF-MAN-217","Persistence and pages","High","iPhone Safari","reload same browser tab in a single-page resume","A single-page resume contains moved sections with unique detail markers.","Perform reload same browser tab. Navigate away from and back to every affected page.","Section order, column, complete content, visibility, design scope, and editable state remain unchanged.","Ready for independent manual execution"
"RF-MAN-218","Persistence and pages","Medium","iPad Safari","reload same browser tab in a two-page resume","A two-page resume contains moved sections with unique detail markers.","Perform reload same browser tab. Navigate away from and back to every affected page.","Section order, column, complete content, visibility, design scope, and editable state remain unchanged.","Ready for independent manual execution"
"RF-MAN-219","Persistence and pages","Critical","Linux Chrome","reload same browser tab in a five-page resume","A five-page resume contains moved sections with unique detail markers.","Perform reload same browser tab. Navigate away from and back to every affected page.","Section order, column, complete content, visibility, design scope, and editable state remain unchanged.","Ready for independent manual execution"
"RF-MAN-220","Persistence and pages","High","Tablet Edge","reload same browser tab in a page-specific design resume","A page-specific design resume contains moved sections with unique detail markers.","Perform reload same browser tab. Navigate away from and back to every affected page.","Section order, column, complete content, visibility, design scope, and editable state remain unchanged.","Ready for independent manual execution"
"RF-MAN-221","Persistence and pages","Medium","Windows Chrome","add continuation page in a single-page resume","A single-page resume contains moved sections with unique detail markers.","Perform add continuation page. Navigate away from and back to every affected page.","Section order, column, complete content, visibility, design scope, and editable state remain unchanged.","Ready for independent manual execution"
"RF-MAN-222","Persistence and pages","Critical","Windows Edge","add continuation page in a two-page resume","A two-page resume contains moved sections with unique detail markers.","Perform add continuation page. Navigate away from and back to every affected page.","Section order, column, complete content, visibility, design scope, and editable state remain unchanged.","Ready for independent manual execution"
"RF-MAN-223","Persistence and pages","High","Windows Firefox","add continuation page in a five-page resume","A five-page resume contains moved sections with unique detail markers.","Perform add continuation page. Navigate away from and back to every affected page.","Section order, column, complete content, visibility, design scope, and editable state remain unchanged.","Ready for independent manual execution"
"RF-MAN-224","Persistence and pages","Medium","macOS Safari","add continuation page in a page-specific design resume","A page-specific design resume contains moved sections with unique detail markers.","Perform add continuation page. Navigate away from and back to every affected page.","Section order, column, complete content, visibility, design scope, and editable state remain unchanged.","Ready for independent manual execution"
"RF-MAN-225","Persistence and pages","Critical","macOS Chrome","add same-design blank page in a single-page resume","A single-page resume contains moved sections with unique detail markers.","Perform add same-design blank page. Navigate away from and back to every affected page.","Section order, column, complete content, visibility, design scope, and editable state remain unchanged.","Ready for independent manual execution"
"RF-MAN-226","Persistence and pages","High","Android Chrome","add same-design blank page in a two-page resume","A two-page resume contains moved sections with unique detail markers.","Perform add same-design blank page. Navigate away from and back to every affected page.","Section order, column, complete content, visibility, design scope, and editable state remain unchanged.","Ready for independent manual execution"
"RF-MAN-227","Persistence and pages","Medium","iPhone Safari","add same-design blank page in a five-page resume","A five-page resume contains moved sections with unique detail markers.","Perform add same-design blank page. Navigate away from and back to every affected page.","Section order, column, complete content, visibility, design scope, and editable state remain unchanged.","Ready for independent manual execution"
"RF-MAN-228","Persistence and pages","Critical","iPad Safari","add same-design blank page in a page-specific design resume","A page-specific design resume contains moved sections with unique detail markers.","Perform add same-design blank page. Navigate away from and back to every affected page.","Section order, column, complete content, visibility, design scope, and editable state remain unchanged.","Ready for independent manual execution"
"RF-MAN-229","Persistence and pages","High","Linux Chrome","add independent-design page in a single-page resume","A single-page resume contains moved sections with unique detail markers.","Perform add independent-design page. Navigate away from and back to every affected page.","Section order, column, complete content, visibility, design scope, and editable state remain unchanged.","Ready for independent manual execution"
"RF-MAN-230","Persistence and pages","Medium","Tablet Edge","add independent-design page in a two-page resume","A two-page resume contains moved sections with unique detail markers.","Perform add independent-design page. Navigate away from and back to every affected page.","Section order, column, complete content, visibility, design scope, and editable state remain unchanged.","Ready for independent manual execution"
"RF-MAN-231","Persistence and pages","Critical","Windows Chrome","add independent-design page in a five-page resume","A five-page resume contains moved sections with unique detail markers.","Perform add independent-design page. Navigate away from and back to every affected page.","Section order, column, complete content, visibility, design scope, and editable state remain unchanged.","Ready for independent manual execution"
"RF-MAN-232","Persistence and pages","High","Windows Edge","add independent-design page in a page-specific design resume","A page-specific design resume contains moved sections with unique detail markers.","Perform add independent-design page. Navigate away from and back to every affected page.","Section order, column, complete content, visibility, design scope, and editable state remain unchanged.","Ready for independent manual execution"
"RF-MAN-233","Persistence and pages","Medium","Windows Firefox","delete another page in a single-page resume","A single-page resume contains moved sections with unique detail markers.","Perform delete another page. Navigate away from and back to every affected page.","Section order, column, complete content, visibility, design scope, and editable state remain unchanged.","Ready for independent manual execution"
"RF-MAN-234","Persistence and pages","Critical","macOS Safari","delete another page in a two-page resume","A two-page resume contains moved sections with unique detail markers.","Perform delete another page. Navigate away from and back to every affected page.","Section order, column, complete content, visibility, design scope, and editable state remain unchanged.","Ready for independent manual execution"
"RF-MAN-235","Persistence and pages","High","macOS Chrome","delete another page in a five-page resume","A five-page resume contains moved sections with unique detail markers.","Perform delete another page. Navigate away from and back to every affected page.","Section order, column, complete content, visibility, design scope, and editable state remain unchanged.","Ready for independent manual execution"
"RF-MAN-236","Persistence and pages","Medium","Android Chrome","delete another page in a page-specific design resume","A page-specific design resume contains moved sections with unique detail markers.","Perform delete another page. Navigate away from and back to every affected page.","Section order, column, complete content, visibility, design scope, and editable state remain unchanged.","Ready for independent manual execution"
"RF-MAN-237","Persistence and pages","Critical","iPhone Safari","switch template after move in a single-page resume","A single-page resume contains moved sections with unique detail markers.","Perform switch template after move. Navigate away from and back to every affected page.","Section order, column, complete content, visibility, design scope, and editable state remain unchanged.","Ready for independent manual execution"
"RF-MAN-238","Persistence and pages","High","iPad Safari","switch template after move in a two-page resume","A two-page resume contains moved sections with unique detail markers.","Perform switch template after move. Navigate away from and back to every affected page.","Section order, column, complete content, visibility, design scope, and editable state remain unchanged.","Ready for independent manual execution"
"RF-MAN-239","Persistence and pages","Medium","Linux Chrome","switch template after move in a five-page resume","A five-page resume contains moved sections with unique detail markers.","Perform switch template after move. Navigate away from and back to every affected page.","Section order, column, complete content, visibility, design scope, and editable state remain unchanged.","Ready for independent manual execution"
"RF-MAN-240","Persistence and pages","Critical","Tablet Edge","switch template after move in a page-specific design resume","A page-specific design resume contains moved sections with unique detail markers.","Perform switch template after move. Navigate away from and back to every affected page.","Section order, column, complete content, visibility, design scope, and editable state remain unchanged.","Ready for independent manual execution"
"RF-MAN-241","Persistence and pages","High","Windows Chrome","toggle moved section off/on in a single-page resume","A single-page resume contains moved sections with unique detail markers.","Perform toggle moved section off/on. Navigate away from and back to every affected page.","Section order, column, complete content, visibility, design scope, and editable state remain unchanged.","Ready for independent manual execution"
"RF-MAN-242","Persistence and pages","Medium","Windows Edge","toggle moved section off/on in a two-page resume","A two-page resume contains moved sections with unique detail markers.","Perform toggle moved section off/on. Navigate away from and back to every affected page.","Section order, column, complete content, visibility, design scope, and editable state remain unchanged.","Ready for independent manual execution"
"RF-MAN-243","Persistence and pages","Critical","Windows Firefox","toggle moved section off/on in a five-page resume","A five-page resume contains moved sections with unique detail markers.","Perform toggle moved section off/on. Navigate away from and back to every affected page.","Section order, column, complete content, visibility, design scope, and editable state remain unchanged.","Ready for independent manual execution"
"RF-MAN-244","Persistence and pages","High","macOS Safari","toggle moved section off/on in a page-specific design resume","A page-specific design resume contains moved sections with unique detail markers.","Perform toggle moved section off/on. Navigate away from and back to every affected page.","Section order, column, complete content, visibility, design scope, and editable state remain unchanged.","Ready for independent manual execution"
"RF-MAN-245","Persistence and pages","Medium","macOS Chrome","move then type continuously in a single-page resume","A single-page resume contains moved sections with unique detail markers.","Perform move then type continuously. Navigate away from and back to every affected page.","Section order, column, complete content, visibility, design scope, and editable state remain unchanged.","Ready for independent manual execution"
"RF-MAN-246","Persistence and pages","Critical","Android Chrome","move then type continuously in a two-page resume","A two-page resume contains moved sections with unique detail markers.","Perform move then type continuously. Navigate away from and back to every affected page.","Section order, column, complete content, visibility, design scope, and editable state remain unchanged.","Ready for independent manual execution"
"RF-MAN-247","Persistence and pages","High","iPhone Safari","move then type continuously in a five-page resume","A five-page resume contains moved sections with unique detail markers.","Perform move then type continuously. Navigate away from and back to every affected page.","Section order, column, complete content, visibility, design scope, and editable state remain unchanged.","Ready for independent manual execution"
"RF-MAN-248","Persistence and pages","Medium","iPad Safari","move then type continuously in a page-specific design resume","A page-specific design resume contains moved sections with unique detail markers.","Perform move then type continuously. Navigate away from and back to every affected page.","Section order, column, complete content, visibility, design scope, and editable state remain unchanged.","Ready for independent manual execution"
"RF-MAN-249","Persistence and pages","Critical","Linux Chrome","move then apply typography in a single-page resume","A single-page resume contains moved sections with unique detail markers.","Perform move then apply typography. Navigate away from and back to every affected page.","Section order, column, complete content, visibility, design scope, and editable state remain unchanged.","Ready for independent manual execution"
"RF-MAN-250","Persistence and pages","High","Tablet Edge","move then apply typography in a two-page resume","A two-page resume contains moved sections with unique detail markers.","Perform move then apply typography. Navigate away from and back to every affected page.","Section order, column, complete content, visibility, design scope, and editable state remain unchanged.","Ready for independent manual execution"
"RF-MAN-251","Persistence and pages","Medium","Windows Chrome","move then apply typography in a five-page resume","A five-page resume contains moved sections with unique detail markers.","Perform move then apply typography. Navigate away from and back to every affected page.","Section order, column, complete content, visibility, design scope, and editable state remain unchanged.","Ready for independent manual execution"
"RF-MAN-252","Persistence and pages","Critical","Windows Edge","move then apply typography in a page-specific design resume","A page-specific design resume contains moved sections with unique detail markers.","Perform move then apply typography. Navigate away from and back to every affected page.","Section order, column, complete content, visibility, design scope, and editable state remain unchanged.","Ready for independent manual execution"
"RF-MAN-253","Persistence and pages","High","Windows Firefox","move then undo AI edit in a single-page resume","A single-page resume contains moved sections with unique detail markers.","Perform move then undo AI edit. Navigate away from and back to every affected page.","Section order, column, complete content, visibility, design scope, and editable state remain unchanged.","Ready for independent manual execution"
"RF-MAN-254","Persistence and pages","Medium","macOS Safari","move then undo AI edit in a two-page resume","A two-page resume contains moved sections with unique detail markers.","Perform move then undo AI edit. Navigate away from and back to every affected page.","Section order, column, complete content, visibility, design scope, and editable state remain unchanged.","Ready for independent manual execution"
"RF-MAN-255","Persistence and pages","Critical","macOS Chrome","move then undo AI edit in a five-page resume","A five-page resume contains moved sections with unique detail markers.","Perform move then undo AI edit. Navigate away from and back to every affected page.","Section order, column, complete content, visibility, design scope, and editable state remain unchanged.","Ready for independent manual execution"
"RF-MAN-256","Persistence and pages","High","Android Chrome","move then undo AI edit in a page-specific design resume","A page-specific design resume contains moved sections with unique detail markers.","Perform move then undo AI edit. Navigate away from and back to every affected page.","Section order, column, complete content, visibility, design scope, and editable state remain unchanged.","Ready for independent manual execution"
"RF-MAN-257","Persistence and pages","Medium","iPhone Safari","move after importing saved data in a single-page resume","A single-page resume contains moved sections with unique detail markers.","Perform move after importing saved data. Navigate away from and back to every affected page.","Section order, column, complete content, visibility, design scope, and editable state remain unchanged.","Ready for independent manual execution"
"RF-MAN-258","Persistence and pages","Critical","iPad Safari","move after importing saved data in a two-page resume","A two-page resume contains moved sections with unique detail markers.","Perform move after importing saved data. Navigate away from and back to every affected page.","Section order, column, complete content, visibility, design scope, and editable state remain unchanged.","Ready for independent manual execution"
"RF-MAN-259","Persistence and pages","High","Linux Chrome","move after importing saved data in a five-page resume","A five-page resume contains moved sections with unique detail markers.","Perform move after importing saved data. Navigate away from and back to every affected page.","Section order, column, complete content, visibility, design scope, and editable state remain unchanged.","Ready for independent manual execution"
"RF-MAN-260","Persistence and pages","Medium","Tablet Edge","move after importing saved data in a page-specific design resume","A page-specific design resume contains moved sections with unique detail markers.","Perform move after importing saved data. Navigate away from and back to every affected page.","Section order, column, complete content, visibility, design scope, and editable state remain unchanged.","Ready for independent manual execution"
"RF-MAN-261","Export","Critical","Windows Chrome","Export single page as PDF","Resume has single page, unique section markers, no hidden test data, and no pending edits.","Export as PDF. Open the result in a suitable independent viewer and inspect every page.","File opens successfully; moved headings and details remain together; order, visibility, typography, images, page count, and text are correct; editor movement controls are absent.","Ready for independent manual execution"
"RF-MAN-262","Export","High","Windows Edge","Export two pages as PDF","Resume has two pages, unique section markers, no hidden test data, and no pending edits.","Export as PDF. Open the result in a suitable independent viewer and inspect every page.","File opens successfully; moved headings and details remain together; order, visibility, typography, images, page count, and text are correct; editor movement controls are absent.","Ready for independent manual execution"
"RF-MAN-263","Export","Medium","Windows Firefox","Export five pages as PDF","Resume has five pages, unique section markers, no hidden test data, and no pending edits.","Export as PDF. Open the result in a suitable independent viewer and inspect every page.","File opens successfully; moved headings and details remain together; order, visibility, typography, images, page count, and text are correct; editor movement controls are absent.","Ready for independent manual execution"
"RF-MAN-264","Export","Critical","macOS Safari","Export photo template as PDF","Resume has photo template, unique section markers, no hidden test data, and no pending edits.","Export as PDF. Open the result in a suitable independent viewer and inspect every page.","File opens successfully; moved headings and details remain together; order, visibility, typography, images, page count, and text are correct; editor movement controls are absent.","Ready for independent manual execution"
"RF-MAN-265","Export","High","macOS Chrome","Export ATS template as PDF","Resume has ATS template, unique section markers, no hidden test data, and no pending edits.","Export as PDF. Open the result in a suitable independent viewer and inspect every page.","File opens successfully; moved headings and details remain together; order, visibility, typography, images, page count, and text are correct; editor movement controls are absent.","Ready for independent manual execution"
"RF-MAN-266","Export","Medium","Android Chrome","Export custom font and colors as PDF","Resume has custom font and colors, unique section markers, no hidden test data, and no pending edits.","Export as PDF. Open the result in a suitable independent viewer and inspect every page.","File opens successfully; moved headings and details remain together; order, visibility, typography, images, page count, and text are correct; editor movement controls are absent.","Ready for independent manual execution"
"RF-MAN-267","Export","Critical","iPhone Safari","Export moved sections in both columns as PDF","Resume has moved sections in both columns, unique section markers, no hidden test data, and no pending edits.","Export as PDF. Open the result in a suitable independent viewer and inspect every page.","File opens successfully; moved headings and details remain together; order, visibility, typography, images, page count, and text are correct; editor movement controls are absent.","Ready for independent manual execution"
"RF-MAN-268","Export","High","iPad Safari","Export single page as DOCX","Resume has single page, unique section markers, no hidden test data, and no pending edits.","Export as DOCX. Open the result in a suitable independent viewer and inspect every page.","File opens successfully; moved headings and details remain together; order, visibility, typography, images, page count, and text are correct; editor movement controls are absent.","Ready for independent manual execution"
"RF-MAN-269","Export","Medium","Linux Chrome","Export two pages as DOCX","Resume has two pages, unique section markers, no hidden test data, and no pending edits.","Export as DOCX. Open the result in a suitable independent viewer and inspect every page.","File opens successfully; moved headings and details remain together; order, visibility, typography, images, page count, and text are correct; editor movement controls are absent.","Ready for independent manual execution"
"RF-MAN-270","Export","Critical","Tablet Edge","Export five pages as DOCX","Resume has five pages, unique section markers, no hidden test data, and no pending edits.","Export as DOCX. Open the result in a suitable independent viewer and inspect every page.","File opens successfully; moved headings and details remain together; order, visibility, typography, images, page count, and text are correct; editor movement controls are absent.","Ready for independent manual execution"
"RF-MAN-271","Export","High","Windows Chrome","Export photo template as DOCX","Resume has photo template, unique section markers, no hidden test data, and no pending edits.","Export as DOCX. Open the result in a suitable independent viewer and inspect every page.","File opens successfully; moved headings and details remain together; order, visibility, typography, images, page count, and text are correct; editor movement controls are absent.","Ready for independent manual execution"
"RF-MAN-272","Export","Medium","Windows Edge","Export ATS template as DOCX","Resume has ATS template, unique section markers, no hidden test data, and no pending edits.","Export as DOCX. Open the result in a suitable independent viewer and inspect every page.","File opens successfully; moved headings and details remain together; order, visibility, typography, images, page count, and text are correct; editor movement controls are absent.","Ready for independent manual execution"
"RF-MAN-273","Export","Critical","Windows Firefox","Export custom font and colors as DOCX","Resume has custom font and colors, unique section markers, no hidden test data, and no pending edits.","Export as DOCX. Open the result in a suitable independent viewer and inspect every page.","File opens successfully; moved headings and details remain together; order, visibility, typography, images, page count, and text are correct; editor movement controls are absent.","Ready for independent manual execution"
"RF-MAN-274","Export","High","macOS Safari","Export moved sections in both columns as DOCX","Resume has moved sections in both columns, unique section markers, no hidden test data, and no pending edits.","Export as DOCX. Open the result in a suitable independent viewer and inspect every page.","File opens successfully; moved headings and details remain together; order, visibility, typography, images, page count, and text are correct; editor movement controls are absent.","Ready for independent manual execution"
"RF-MAN-275","Export","Medium","macOS Chrome","Export single page as PNG","Resume has single page, unique section markers, no hidden test data, and no pending edits.","Export as PNG. Open the result in a suitable independent viewer and inspect every page.","File opens successfully; moved headings and details remain together; order, visibility, typography, images, page count, and text are correct; editor movement controls are absent.","Ready for independent manual execution"
"RF-MAN-276","Export","Critical","Android Chrome","Export two pages as PNG","Resume has two pages, unique section markers, no hidden test data, and no pending edits.","Export as PNG. Open the result in a suitable independent viewer and inspect every page.","File opens successfully; moved headings and details remain together; order, visibility, typography, images, page count, and text are correct; editor movement controls are absent.","Ready for independent manual execution"
"RF-MAN-277","Export","High","iPhone Safari","Export five pages as PNG","Resume has five pages, unique section markers, no hidden test data, and no pending edits.","Export as PNG. Open the result in a suitable independent viewer and inspect every page.","File opens successfully; moved headings and details remain together; order, visibility, typography, images, page count, and text are correct; editor movement controls are absent.","Ready for independent manual execution"
"RF-MAN-278","Export","Medium","iPad Safari","Export photo template as PNG","Resume has photo template, unique section markers, no hidden test data, and no pending edits.","Export as PNG. Open the result in a suitable independent viewer and inspect every page.","File opens successfully; moved headings and details remain together; order, visibility, typography, images, page count, and text are correct; editor movement controls are absent.","Ready for independent manual execution"
"RF-MAN-279","Export","Critical","Linux Chrome","Export ATS template as PNG","Resume has ATS template, unique section markers, no hidden test data, and no pending edits.","Export as PNG. Open the result in a suitable independent viewer and inspect every page.","File opens successfully; moved headings and details remain together; order, visibility, typography, images, page count, and text are correct; editor movement controls are absent.","Ready for independent manual execution"
"RF-MAN-280","Export","High","Tablet Edge","Export custom font and colors as PNG","Resume has custom font and colors, unique section markers, no hidden test data, and no pending edits.","Export as PNG. Open the result in a suitable independent viewer and inspect every page.","File opens successfully; moved headings and details remain together; order, visibility, typography, images, page count, and text are correct; editor movement controls are absent.","Ready for independent manual execution"
"RF-MAN-281","Export","Medium","Windows Chrome","Export moved sections in both columns as PNG","Resume has moved sections in both columns, unique section markers, no hidden test data, and no pending edits.","Export as PNG. Open the result in a suitable independent viewer and inspect every page.","File opens successfully; moved headings and details remain together; order, visibility, typography, images, page count, and text are correct; editor movement controls are absent.","Ready for independent manual execution"
"RF-MAN-282","Export","Critical","Windows Edge","Export single page as JPG","Resume has single page, unique section markers, no hidden test data, and no pending edits.","Export as JPG. Open the result in a suitable independent viewer and inspect every page.","File opens successfully; moved headings and details remain together; order, visibility, typography, images, page count, and text are correct; editor movement controls are absent.","Ready for independent manual execution"
"RF-MAN-283","Export","High","Windows Firefox","Export two pages as JPG","Resume has two pages, unique section markers, no hidden test data, and no pending edits.","Export as JPG. Open the result in a suitable independent viewer and inspect every page.","File opens successfully; moved headings and details remain together; order, visibility, typography, images, page count, and text are correct; editor movement controls are absent.","Ready for independent manual execution"
"RF-MAN-284","Export","Medium","macOS Safari","Export five pages as JPG","Resume has five pages, unique section markers, no hidden test data, and no pending edits.","Export as JPG. Open the result in a suitable independent viewer and inspect every page.","File opens successfully; moved headings and details remain together; order, visibility, typography, images, page count, and text are correct; editor movement controls are absent.","Ready for independent manual execution"
"RF-MAN-285","Export","Critical","macOS Chrome","Export photo template as JPG","Resume has photo template, unique section markers, no hidden test data, and no pending edits.","Export as JPG. Open the result in a suitable independent viewer and inspect every page.","File opens successfully; moved headings and details remain together; order, visibility, typography, images, page count, and text are correct; editor movement controls are absent.","Ready for independent manual execution"
"RF-MAN-286","Export","High","Android Chrome","Export ATS template as JPG","Resume has ATS template, unique section markers, no hidden test data, and no pending edits.","Export as JPG. Open the result in a suitable independent viewer and inspect every page.","File opens successfully; moved headings and details remain together; order, visibility, typography, images, page count, and text are correct; editor movement controls are absent.","Ready for independent manual execution"
"RF-MAN-287","Export","Medium","iPhone Safari","Export custom font and colors as JPG","Resume has custom font and colors, unique section markers, no hidden test data, and no pending edits.","Export as JPG. Open the result in a suitable independent viewer and inspect every page.","File opens successfully; moved headings and details remain together; order, visibility, typography, images, page count, and text are correct; editor movement controls are absent.","Ready for independent manual execution"
"RF-MAN-288","Export","Critical","iPad Safari","Export moved sections in both columns as JPG","Resume has moved sections in both columns, unique section markers, no hidden test data, and no pending edits.","Export as JPG. Open the result in a suitable independent viewer and inspect every page.","File opens successfully; moved headings and details remain together; order, visibility, typography, images, page count, and text are correct; editor movement controls are absent.","Ready for independent manual execution"
"RF-MAN-289","Export","High","Linux Chrome","Export single page as HTML","Resume has single page, unique section markers, no hidden test data, and no pending edits.","Export as HTML. Open the result in a suitable independent viewer and inspect every page.","File opens successfully; moved headings and details remain together; order, visibility, typography, images, page count, and text are correct; editor movement controls are absent.","Ready for independent manual execution"
"RF-MAN-290","Export","Medium","Tablet Edge","Export two pages as HTML","Resume has two pages, unique section markers, no hidden test data, and no pending edits.","Export as HTML. Open the result in a suitable independent viewer and inspect every page.","File opens successfully; moved headings and details remain together; order, visibility, typography, images, page count, and text are correct; editor movement controls are absent.","Ready for independent manual execution"
"RF-MAN-291","Export","Critical","Windows Chrome","Export five pages as HTML","Resume has five pages, unique section markers, no hidden test data, and no pending edits.","Export as HTML. Open the result in a suitable independent viewer and inspect every page.","File opens successfully; moved headings and details remain together; order, visibility, typography, images, page count, and text are correct; editor movement controls are absent.","Ready for independent manual execution"
"RF-MAN-292","Export","High","Windows Edge","Export photo template as HTML","Resume has photo template, unique section markers, no hidden test data, and no pending edits.","Export as HTML. Open the result in a suitable independent viewer and inspect every page.","File opens successfully; moved headings and details remain together; order, visibility, typography, images, page count, and text are correct; editor movement controls are absent.","Ready for independent manual execution"
"RF-MAN-293","Export","Medium","Windows Firefox","Export ATS template as HTML","Resume has ATS template, unique section markers, no hidden test data, and no pending edits.","Export as HTML. Open the result in a suitable independent viewer and inspect every page.","File opens successfully; moved headings and details remain together; order, visibility, typography, images, page count, and text are correct; editor movement controls are absent.","Ready for independent manual execution"
"RF-MAN-294","Export","Critical","macOS Safari","Export custom font and colors as HTML","Resume has custom font and colors, unique section markers, no hidden test data, and no pending edits.","Export as HTML. Open the result in a suitable independent viewer and inspect every page.","File opens successfully; moved headings and details remain together; order, visibility, typography, images, page count, and text are correct; editor movement controls are absent.","Ready for independent manual execution"
"RF-MAN-295","Export","High","macOS Chrome","Export moved sections in both columns as HTML","Resume has moved sections in both columns, unique section markers, no hidden test data, and no pending edits.","Export as HTML. Open the result in a suitable independent viewer and inspect every page.","File opens successfully; moved headings and details remain together; order, visibility, typography, images, page count, and text are correct; editor movement controls are absent.","Ready for independent manual execution"
"RF-MAN-296","Export","Medium","Android Chrome","Export single page as TXT","Resume has single page, unique section markers, no hidden test data, and no pending edits.","Export as TXT. Open the result in a suitable independent viewer and inspect every page.","File opens successfully; moved headings and details remain together; order, visibility, typography, images, page count, and text are correct; editor movement controls are absent.","Ready for independent manual execution"
"RF-MAN-297","Export","Critical","iPhone Safari","Export two pages as TXT","Resume has two pages, unique section markers, no hidden test data, and no pending edits.","Export as TXT. Open the result in a suitable independent viewer and inspect every page.","File opens successfully; moved headings and details remain together; order, visibility, typography, images, page count, and text are correct; editor movement controls are absent.","Ready for independent manual execution"
"RF-MAN-298","Export","High","iPad Safari","Export five pages as TXT","Resume has five pages, unique section markers, no hidden test data, and no pending edits.","Export as TXT. Open the result in a suitable independent viewer and inspect every page.","File opens successfully; moved headings and details remain together; order, visibility, typography, images, page count, and text are correct; editor movement controls are absent.","Ready for independent manual execution"
"RF-MAN-299","Export","Medium","Linux Chrome","Export photo template as TXT","Resume has photo template, unique section markers, no hidden test data, and no pending edits.","Export as TXT. Open the result in a suitable independent viewer and inspect every page.","File opens successfully; moved headings and details remain together; order, visibility, typography, images, page count, and text are correct; editor movement controls are absent.","Ready for independent manual execution"
"RF-MAN-300","Export","Critical","Tablet Edge","Export ATS template as TXT","Resume has ATS template, unique section markers, no hidden test data, and no pending edits.","Export as TXT. Open the result in a suitable independent viewer and inspect every page.","File opens successfully; moved headings and details remain together; order, visibility, typography, images, page count, and text are correct; editor movement controls are absent.","Ready for independent manual execution"
"RF-MAN-301","Export","High","Windows Chrome","Export custom font and colors as TXT","Resume has custom font and colors, unique section markers, no hidden test data, and no pending edits.","Export as TXT. Open the result in a suitable independent viewer and inspect every page.","File opens successfully; moved headings and details remain together; order, visibility, typography, images, page count, and text are correct; editor movement controls are absent.","Ready for independent manual execution"
"RF-MAN-302","Export","Medium","Windows Edge","Export moved sections in both columns as TXT","Resume has moved sections in both columns, unique section markers, no hidden test data, and no pending edits.","Export as TXT. Open the result in a suitable independent viewer and inspect every page.","File opens successfully; moved headings and details remain together; order, visibility, typography, images, page count, and text are correct; editor movement controls are absent.","Ready for independent manual execution"
"RF-MAN-303","Export","Critical","Windows Firefox","Export single page as RTF","Resume has single page, unique section markers, no hidden test data, and no pending edits.","Export as RTF. Open the result in a suitable independent viewer and inspect every page.","File opens successfully; moved headings and details remain together; order, visibility, typography, images, page count, and text are correct; editor movement controls are absent.","Ready for independent manual execution"
"RF-MAN-304","Export","High","macOS Safari","Export two pages as RTF","Resume has two pages, unique section markers, no hidden test data, and no pending edits.","Export as RTF. Open the result in a suitable independent viewer and inspect every page.","File opens successfully; moved headings and details remain together; order, visibility, typography, images, page count, and text are correct; editor movement controls are absent.","Ready for independent manual execution"
"RF-MAN-305","Export","Medium","macOS Chrome","Export five pages as RTF","Resume has five pages, unique section markers, no hidden test data, and no pending edits.","Export as RTF. Open the result in a suitable independent viewer and inspect every page.","File opens successfully; moved headings and details remain together; order, visibility, typography, images, page count, and text are correct; editor movement controls are absent.","Ready for independent manual execution"
"RF-MAN-306","Export","Critical","Android Chrome","Export photo template as RTF","Resume has photo template, unique section markers, no hidden test data, and no pending edits.","Export as RTF. Open the result in a suitable independent viewer and inspect every page.","File opens successfully; moved headings and details remain together; order, visibility, typography, images, page count, and text are correct; editor movement controls are absent.","Ready for independent manual execution"
"RF-MAN-307","Export","High","iPhone Safari","Export ATS template as RTF","Resume has ATS template, unique section markers, no hidden test data, and no pending edits.","Export as RTF. Open the result in a suitable independent viewer and inspect every page.","File opens successfully; moved headings and details remain together; order, visibility, typography, images, page count, and text are correct; editor movement controls are absent.","Ready for independent manual execution"
"RF-MAN-308","Export","Medium","iPad Safari","Export custom font and colors as RTF","Resume has custom font and colors, unique section markers, no hidden test data, and no pending edits.","Export as RTF. Open the result in a suitable independent viewer and inspect every page.","File opens successfully; moved headings and details remain together; order, visibility, typography, images, page count, and text are correct; editor movement controls are absent.","Ready for independent manual execution"
"RF-MAN-309","Export","Critical","Linux Chrome","Export moved sections in both columns as RTF","Resume has moved sections in both columns, unique section markers, no hidden test data, and no pending edits.","Export as RTF. Open the result in a suitable independent viewer and inspect every page.","File opens successfully; moved headings and details remain together; order, visibility, typography, images, page count, and text are correct; editor movement controls are absent.","Ready for independent manual execution"
"RF-MAN-310","Export","High","Tablet Edge","Export single page as SVG","Resume has single page, unique section markers, no hidden test data, and no pending edits.","Export as SVG. Open the result in a suitable independent viewer and inspect every page.","File opens successfully; moved headings and details remain together; order, visibility, typography, images, page count, and text are correct; editor movement controls are absent.","Ready for independent manual execution"
"RF-MAN-311","Export","Medium","Windows Chrome","Export two pages as SVG","Resume has two pages, unique section markers, no hidden test data, and no pending edits.","Export as SVG. Open the result in a suitable independent viewer and inspect every page.","File opens successfully; moved headings and details remain together; order, visibility, typography, images, page count, and text are correct; editor movement controls are absent.","Ready for independent manual execution"
"RF-MAN-312","Export","Critical","Windows Edge","Export five pages as SVG","Resume has five pages, unique section markers, no hidden test data, and no pending edits.","Export as SVG. Open the result in a suitable independent viewer and inspect every page.","File opens successfully; moved headings and details remain together; order, visibility, typography, images, page count, and text are correct; editor movement controls are absent.","Ready for independent manual execution"
"RF-MAN-313","Export","High","Windows Firefox","Export photo template as SVG","Resume has photo template, unique section markers, no hidden test data, and no pending edits.","Export as SVG. Open the result in a suitable independent viewer and inspect every page.","File opens successfully; moved headings and details remain together; order, visibility, typography, images, page count, and text are correct; editor movement controls are absent.","Ready for independent manual execution"
"RF-MAN-314","Export","Medium","macOS Safari","Export ATS template as SVG","Resume has ATS template, unique section markers, no hidden test data, and no pending edits.","Export as SVG. Open the result in a suitable independent viewer and inspect every page.","File opens successfully; moved headings and details remain together; order, visibility, typography, images, page count, and text are correct; editor movement controls are absent.","Ready for independent manual execution"
"RF-MAN-315","Export","Critical","macOS Chrome","Export custom font and colors as SVG","Resume has custom font and colors, unique section markers, no hidden test data, and no pending edits.","Export as SVG. Open the result in a suitable independent viewer and inspect every page.","File opens successfully; moved headings and details remain together; order, visibility, typography, images, page count, and text are correct; editor movement controls are absent.","Ready for independent manual execution"
"RF-MAN-316","Export","High","Android Chrome","Export moved sections in both columns as SVG","Resume has moved sections in both columns, unique section markers, no hidden test data, and no pending edits.","Export as SVG. Open the result in a suitable independent viewer and inspect every page.","File opens successfully; moved headings and details remain together; order, visibility, typography, images, page count, and text are correct; editor movement controls are absent.","Ready for independent manual execution"
"RF-MAN-317","Export","Medium","iPhone Safari","PDF ultra quality with 10 pages","A complex resume contains reordered main/aside sections and distinctive text markers.","Perform PDF ultra quality with 10 pages; compare the result with the editor page by page.","The exported document is usable, complete, in the intended order, and contains no editor-only controls or duplicated sections.","Ready for independent manual execution"
"RF-MAN-318","Export","Critical","iPad Safari","DOCX opened in desktop Word and Word Online","A complex resume contains reordered main/aside sections and distinctive text markers.","Perform DOCX opened in desktop Word and Word Online; compare the result with the editor page by page.","The exported document is usable, complete, in the intended order, and contains no editor-only controls or duplicated sections.","Ready for independent manual execution"
"RF-MAN-319","Export","High","Linux Chrome","HTML opened offline","A complex resume contains reordered main/aside sections and distinctive text markers.","Perform HTML opened offline; compare the result with the editor page by page.","The exported document is usable, complete, in the intended order, and contains no editor-only controls or duplicated sections.","Ready for independent manual execution"
"RF-MAN-320","Export","Medium","Tablet Edge","TXT checked for logical reading order","A complex resume contains reordered main/aside sections and distinctive text markers.","Perform TXT checked for logical reading order; compare the result with the editor page by page.","The exported document is usable, complete, in the intended order, and contains no editor-only controls or duplicated sections.","Ready for independent manual execution"
"RF-MAN-321","Responsive, touch, and accessibility","Critical","Windows Chrome","open Content and move a section at 1920×1080","Set viewport to 1920×1080; enable keyboard navigation and browser zoom at 100%.","Perform open Content and move a section. Repeat with Tab/Enter where supported and inspect labels, focus, clipping, scrolling, and touch targets.","Controls remain reachable and labeled; no panel blocks the document; the moved section remains intact; focus and scrolling are predictable.","Ready for independent manual execution"
"RF-MAN-322","Responsive, touch, and accessibility","High","Windows Edge","use on-page arrows at 1920×1080","Set viewport to 1920×1080; enable keyboard navigation and browser zoom at 100%.","Perform use on-page arrows. Repeat with Tab/Enter where supported and inspect labels, focus, clipping, scrolling, and touch targets.","Controls remain reachable and labeled; no panel blocks the document; the moved section remains intact; focus and scrolling are predictable.","Ready for independent manual execution"
"RF-MAN-323","Responsive, touch, and accessibility","Medium","Windows Firefox","drag a section at 1920×1080","Set viewport to 1920×1080; enable keyboard navigation and browser zoom at 100%.","Perform drag a section. Repeat with Tab/Enter where supported and inspect labels, focus, clipping, scrolling, and touch targets.","Controls remain reachable and labeled; no panel blocks the document; the moved section remains intact; focus and scrolling are predictable.","Ready for independent manual execution"
"RF-MAN-324","Responsive, touch, and accessibility","Critical","macOS Safari","open AI panel after moving at 1920×1080","Set viewport to 1920×1080; enable keyboard navigation and browser zoom at 100%.","Perform open AI panel after moving. Repeat with Tab/Enter where supported and inspect labels, focus, clipping, scrolling, and touch targets.","Controls remain reachable and labeled; no panel blocks the document; the moved section remains intact; focus and scrolling are predictable.","Ready for independent manual execution"
"RF-MAN-325","Responsive, touch, and accessibility","High","macOS Chrome","export after moving at 1920×1080","Set viewport to 1920×1080; enable keyboard navigation and browser zoom at 100%.","Perform export after moving. Repeat with Tab/Enter where supported and inspect labels, focus, clipping, scrolling, and touch targets.","Controls remain reachable and labeled; no panel blocks the document; the moved section remains intact; focus and scrolling are predictable.","Ready for independent manual execution"
"RF-MAN-326","Responsive, touch, and accessibility","Medium","Android Chrome","open Content and move a section at 1366×768","Set viewport to 1366×768; enable keyboard navigation and browser zoom at 100%.","Perform open Content and move a section. Repeat with Tab/Enter where supported and inspect labels, focus, clipping, scrolling, and touch targets.","Controls remain reachable and labeled; no panel blocks the document; the moved section remains intact; focus and scrolling are predictable.","Ready for independent manual execution"
"RF-MAN-327","Responsive, touch, and accessibility","Critical","iPhone Safari","use on-page arrows at 1366×768","Set viewport to 1366×768; enable keyboard navigation and browser zoom at 100%.","Perform use on-page arrows. Repeat with Tab/Enter where supported and inspect labels, focus, clipping, scrolling, and touch targets.","Controls remain reachable and labeled; no panel blocks the document; the moved section remains intact; focus and scrolling are predictable.","Ready for independent manual execution"
"RF-MAN-328","Responsive, touch, and accessibility","High","iPad Safari","drag a section at 1366×768","Set viewport to 1366×768; enable keyboard navigation and browser zoom at 100%.","Perform drag a section. Repeat with Tab/Enter where supported and inspect labels, focus, clipping, scrolling, and touch targets.","Controls remain reachable and labeled; no panel blocks the document; the moved section remains intact; focus and scrolling are predictable.","Ready for independent manual execution"
"RF-MAN-329","Responsive, touch, and accessibility","Medium","Linux Chrome","open AI panel after moving at 1366×768","Set viewport to 1366×768; enable keyboard navigation and browser zoom at 100%.","Perform open AI panel after moving. Repeat with Tab/Enter where supported and inspect labels, focus, clipping, scrolling, and touch targets.","Controls remain reachable and labeled; no panel blocks the document; the moved section remains intact; focus and scrolling are predictable.","Ready for independent manual execution"
"RF-MAN-330","Responsive, touch, and accessibility","Critical","Tablet Edge","export after moving at 1366×768","Set viewport to 1366×768; enable keyboard navigation and browser zoom at 100%.","Perform export after moving. Repeat with Tab/Enter where supported and inspect labels, focus, clipping, scrolling, and touch targets.","Controls remain reachable and labeled; no panel blocks the document; the moved section remains intact; focus and scrolling are predictable.","Ready for independent manual execution"
"RF-MAN-331","Responsive, touch, and accessibility","High","Windows Chrome","open Content and move a section at 1024×768","Set viewport to 1024×768; enable keyboard navigation and browser zoom at 100%.","Perform open Content and move a section. Repeat with Tab/Enter where supported and inspect labels, focus, clipping, scrolling, and touch targets.","Controls remain reachable and labeled; no panel blocks the document; the moved section remains intact; focus and scrolling are predictable.","Ready for independent manual execution"
"RF-MAN-332","Responsive, touch, and accessibility","Medium","Windows Edge","use on-page arrows at 1024×768","Set viewport to 1024×768; enable keyboard navigation and browser zoom at 100%.","Perform use on-page arrows. Repeat with Tab/Enter where supported and inspect labels, focus, clipping, scrolling, and touch targets.","Controls remain reachable and labeled; no panel blocks the document; the moved section remains intact; focus and scrolling are predictable.","Ready for independent manual execution"
"RF-MAN-333","Responsive, touch, and accessibility","Critical","Windows Firefox","drag a section at 1024×768","Set viewport to 1024×768; enable keyboard navigation and browser zoom at 100%.","Perform drag a section. Repeat with Tab/Enter where supported and inspect labels, focus, clipping, scrolling, and touch targets.","Controls remain reachable and labeled; no panel blocks the document; the moved section remains intact; focus and scrolling are predictable.","Ready for independent manual execution"
"RF-MAN-334","Responsive, touch, and accessibility","High","macOS Safari","open AI panel after moving at 1024×768","Set viewport to 1024×768; enable keyboard navigation and browser zoom at 100%.","Perform open AI panel after moving. Repeat with Tab/Enter where supported and inspect labels, focus, clipping, scrolling, and touch targets.","Controls remain reachable and labeled; no panel blocks the document; the moved section remains intact; focus and scrolling are predictable.","Ready for independent manual execution"
"RF-MAN-335","Responsive, touch, and accessibility","Medium","macOS Chrome","export after moving at 1024×768","Set viewport to 1024×768; enable keyboard navigation and browser zoom at 100%.","Perform export after moving. Repeat with Tab/Enter where supported and inspect labels, focus, clipping, scrolling, and touch targets.","Controls remain reachable and labeled; no panel blocks the document; the moved section remains intact; focus and scrolling are predictable.","Ready for independent manual execution"
"RF-MAN-336","Responsive, touch, and accessibility","Critical","Android Chrome","open Content and move a section at 820×1180","Set viewport to 820×1180; enable keyboard navigation and browser zoom at 100%.","Perform open Content and move a section. Repeat with Tab/Enter where supported and inspect labels, focus, clipping, scrolling, and touch targets.","Controls remain reachable and labeled; no panel blocks the document; the moved section remains intact; focus and scrolling are predictable.","Ready for independent manual execution"
"RF-MAN-337","Responsive, touch, and accessibility","High","iPhone Safari","use on-page arrows at 820×1180","Set viewport to 820×1180; enable keyboard navigation and browser zoom at 100%.","Perform use on-page arrows. Repeat with Tab/Enter where supported and inspect labels, focus, clipping, scrolling, and touch targets.","Controls remain reachable and labeled; no panel blocks the document; the moved section remains intact; focus and scrolling are predictable.","Ready for independent manual execution"
"RF-MAN-338","Responsive, touch, and accessibility","Medium","iPad Safari","drag a section at 820×1180","Set viewport to 820×1180; enable keyboard navigation and browser zoom at 100%.","Perform drag a section. Repeat with Tab/Enter where supported and inspect labels, focus, clipping, scrolling, and touch targets.","Controls remain reachable and labeled; no panel blocks the document; the moved section remains intact; focus and scrolling are predictable.","Ready for independent manual execution"
"RF-MAN-339","Responsive, touch, and accessibility","Critical","Linux Chrome","open AI panel after moving at 820×1180","Set viewport to 820×1180; enable keyboard navigation and browser zoom at 100%.","Perform open AI panel after moving. Repeat with Tab/Enter where supported and inspect labels, focus, clipping, scrolling, and touch targets.","Controls remain reachable and labeled; no panel blocks the document; the moved section remains intact; focus and scrolling are predictable.","Ready for independent manual execution"
"RF-MAN-340","Responsive, touch, and accessibility","High","Tablet Edge","export after moving at 820×1180","Set viewport to 820×1180; enable keyboard navigation and browser zoom at 100%.","Perform export after moving. Repeat with Tab/Enter where supported and inspect labels, focus, clipping, scrolling, and touch targets.","Controls remain reachable and labeled; no panel blocks the document; the moved section remains intact; focus and scrolling are predictable.","Ready for independent manual execution"
"RF-MAN-341","Responsive, touch, and accessibility","Medium","Windows Chrome","open Content and move a section at 768×1024","Set viewport to 768×1024; enable keyboard navigation and browser zoom at 100%.","Perform open Content and move a section. Repeat with Tab/Enter where supported and inspect labels, focus, clipping, scrolling, and touch targets.","Controls remain reachable and labeled; no panel blocks the document; the moved section remains intact; focus and scrolling are predictable.","Ready for independent manual execution"
"RF-MAN-342","Responsive, touch, and accessibility","Critical","Windows Edge","use on-page arrows at 768×1024","Set viewport to 768×1024; enable keyboard navigation and browser zoom at 100%.","Perform use on-page arrows. Repeat with Tab/Enter where supported and inspect labels, focus, clipping, scrolling, and touch targets.","Controls remain reachable and labeled; no panel blocks the document; the moved section remains intact; focus and scrolling are predictable.","Ready for independent manual execution"
"RF-MAN-343","Responsive, touch, and accessibility","High","Windows Firefox","drag a section at 768×1024","Set viewport to 768×1024; enable keyboard navigation and browser zoom at 100%.","Perform drag a section. Repeat with Tab/Enter where supported and inspect labels, focus, clipping, scrolling, and touch targets.","Controls remain reachable and labeled; no panel blocks the document; the moved section remains intact; focus and scrolling are predictable.","Ready for independent manual execution"
"RF-MAN-344","Responsive, touch, and accessibility","Medium","macOS Safari","open AI panel after moving at 768×1024","Set viewport to 768×1024; enable keyboard navigation and browser zoom at 100%.","Perform open AI panel after moving. Repeat with Tab/Enter where supported and inspect labels, focus, clipping, scrolling, and touch targets.","Controls remain reachable and labeled; no panel blocks the document; the moved section remains intact; focus and scrolling are predictable.","Ready for independent manual execution"
"RF-MAN-345","Responsive, touch, and accessibility","Critical","macOS Chrome","export after moving at 768×1024","Set viewport to 768×1024; enable keyboard navigation and browser zoom at 100%.","Perform export after moving. Repeat with Tab/Enter where supported and inspect labels, focus, clipping, scrolling, and touch targets.","Controls remain reachable and labeled; no panel blocks the document; the moved section remains intact; focus and scrolling are predictable.","Ready for independent manual execution"
"RF-MAN-346","Responsive, touch, and accessibility","High","Android Chrome","open Content and move a section at 500×900","Set viewport to 500×900; enable keyboard navigation and browser zoom at 100%.","Perform open Content and move a section. Repeat with Tab/Enter where supported and inspect labels, focus, clipping, scrolling, and touch targets.","Controls remain reachable and labeled; no panel blocks the document; the moved section remains intact; focus and scrolling are predictable.","Ready for independent manual execution"
"RF-MAN-347","Responsive, touch, and accessibility","Medium","iPhone Safari","use on-page arrows at 500×900","Set viewport to 500×900; enable keyboard navigation and browser zoom at 100%.","Perform use on-page arrows. Repeat with Tab/Enter where supported and inspect labels, focus, clipping, scrolling, and touch targets.","Controls remain reachable and labeled; no panel blocks the document; the moved section remains intact; focus and scrolling are predictable.","Ready for independent manual execution"
"RF-MAN-348","Responsive, touch, and accessibility","Critical","iPad Safari","drag a section at 500×900","Set viewport to 500×900; enable keyboard navigation and browser zoom at 100%.","Perform drag a section. Repeat with Tab/Enter where supported and inspect labels, focus, clipping, scrolling, and touch targets.","Controls remain reachable and labeled; no panel blocks the document; the moved section remains intact; focus and scrolling are predictable.","Ready for independent manual execution"
"RF-MAN-349","Responsive, touch, and accessibility","High","Linux Chrome","open AI panel after moving at 500×900","Set viewport to 500×900; enable keyboard navigation and browser zoom at 100%.","Perform open AI panel after moving. Repeat with Tab/Enter where supported and inspect labels, focus, clipping, scrolling, and touch targets.","Controls remain reachable and labeled; no panel blocks the document; the moved section remains intact; focus and scrolling are predictable.","Ready for independent manual execution"
"RF-MAN-350","Responsive, touch, and accessibility","Medium","Tablet Edge","export after moving at 500×900","Set viewport to 500×900; enable keyboard navigation and browser zoom at 100%.","Perform export after moving. Repeat with Tab/Enter where supported and inspect labels, focus, clipping, scrolling, and touch targets.","Controls remain reachable and labeled; no panel blocks the document; the moved section remains intact; focus and scrolling are predictable.","Ready for independent manual execution"
"RF-MAN-351","Responsive, touch, and accessibility","Critical","Windows Chrome","open Content and move a section at 430×932","Set viewport to 430×932; enable keyboard navigation and browser zoom at 100%.","Perform open Content and move a section. Repeat with Tab/Enter where supported and inspect labels, focus, clipping, scrolling, and touch targets.","Controls remain reachable and labeled; no panel blocks the document; the moved section remains intact; focus and scrolling are predictable.","Ready for independent manual execution"
"RF-MAN-352","Responsive, touch, and accessibility","High","Windows Edge","use on-page arrows at 430×932","Set viewport to 430×932; enable keyboard navigation and browser zoom at 100%.","Perform use on-page arrows. Repeat with Tab/Enter where supported and inspect labels, focus, clipping, scrolling, and touch targets.","Controls remain reachable and labeled; no panel blocks the document; the moved section remains intact; focus and scrolling are predictable.","Ready for independent manual execution"
"RF-MAN-353","Responsive, touch, and accessibility","Medium","Windows Firefox","drag a section at 430×932","Set viewport to 430×932; enable keyboard navigation and browser zoom at 100%.","Perform drag a section. Repeat with Tab/Enter where supported and inspect labels, focus, clipping, scrolling, and touch targets.","Controls remain reachable and labeled; no panel blocks the document; the moved section remains intact; focus and scrolling are predictable.","Ready for independent manual execution"
"RF-MAN-354","Responsive, touch, and accessibility","Critical","macOS Safari","open AI panel after moving at 430×932","Set viewport to 430×932; enable keyboard navigation and browser zoom at 100%.","Perform open AI panel after moving. Repeat with Tab/Enter where supported and inspect labels, focus, clipping, scrolling, and touch targets.","Controls remain reachable and labeled; no panel blocks the document; the moved section remains intact; focus and scrolling are predictable.","Ready for independent manual execution"
"RF-MAN-355","Responsive, touch, and accessibility","High","macOS Chrome","export after moving at 430×932","Set viewport to 430×932; enable keyboard navigation and browser zoom at 100%.","Perform export after moving. Repeat with Tab/Enter where supported and inspect labels, focus, clipping, scrolling, and touch targets.","Controls remain reachable and labeled; no panel blocks the document; the moved section remains intact; focus and scrolling are predictable.","Ready for independent manual execution"
"RF-MAN-356","Responsive, touch, and accessibility","Medium","Android Chrome","open Content and move a section at 390×844","Set viewport to 390×844; enable keyboard navigation and browser zoom at 100%.","Perform open Content and move a section. Repeat with Tab/Enter where supported and inspect labels, focus, clipping, scrolling, and touch targets.","Controls remain reachable and labeled; no panel blocks the document; the moved section remains intact; focus and scrolling are predictable.","Ready for independent manual execution"
"RF-MAN-357","Responsive, touch, and accessibility","Critical","iPhone Safari","use on-page arrows at 390×844","Set viewport to 390×844; enable keyboard navigation and browser zoom at 100%.","Perform use on-page arrows. Repeat with Tab/Enter where supported and inspect labels, focus, clipping, scrolling, and touch targets.","Controls remain reachable and labeled; no panel blocks the document; the moved section remains intact; focus and scrolling are predictable.","Ready for independent manual execution"
"RF-MAN-358","Responsive, touch, and accessibility","High","iPad Safari","drag a section at 390×844","Set viewport to 390×844; enable keyboard navigation and browser zoom at 100%.","Perform drag a section. Repeat with Tab/Enter where supported and inspect labels, focus, clipping, scrolling, and touch targets.","Controls remain reachable and labeled; no panel blocks the document; the moved section remains intact; focus and scrolling are predictable.","Ready for independent manual execution"
"RF-MAN-359","Responsive, touch, and accessibility","Medium","Linux Chrome","open AI panel after moving at 390×844","Set viewport to 390×844; enable keyboard navigation and browser zoom at 100%.","Perform open AI panel after moving. Repeat with Tab/Enter where supported and inspect labels, focus, clipping, scrolling, and touch targets.","Controls remain reachable and labeled; no panel blocks the document; the moved section remains intact; focus and scrolling are predictable.","Ready for independent manual execution"
"RF-MAN-360","Responsive, touch, and accessibility","Critical","Tablet Edge","export after moving at 390×844","Set viewport to 390×844; enable keyboard navigation and browser zoom at 100%.","Perform export after moving. Repeat with Tab/Enter where supported and inspect labels, focus, clipping, scrolling, and touch targets.","Controls remain reachable and labeled; no panel blocks the document; the moved section remains intact; focus and scrolling are predictable.","Ready for independent manual execution"
"RF-MAN-361","Responsive, touch, and accessibility","High","Windows Chrome","open Content and move a section at 360×800","Set viewport to 360×800; enable keyboard navigation and browser zoom at 100%.","Perform open Content and move a section. Repeat with Tab/Enter where supported and inspect labels, focus, clipping, scrolling, and touch targets.","Controls remain reachable and labeled; no panel blocks the document; the moved section remains intact; focus and scrolling are predictable.","Ready for independent manual execution"
"RF-MAN-362","Responsive, touch, and accessibility","Medium","Windows Edge","use on-page arrows at 360×800","Set viewport to 360×800; enable keyboard navigation and browser zoom at 100%.","Perform use on-page arrows. Repeat with Tab/Enter where supported and inspect labels, focus, clipping, scrolling, and touch targets.","Controls remain reachable and labeled; no panel blocks the document; the moved section remains intact; focus and scrolling are predictable.","Ready for independent manual execution"
"RF-MAN-363","Responsive, touch, and accessibility","Critical","Windows Firefox","drag a section at 360×800","Set viewport to 360×800; enable keyboard navigation and browser zoom at 100%.","Perform drag a section. Repeat with Tab/Enter where supported and inspect labels, focus, clipping, scrolling, and touch targets.","Controls remain reachable and labeled; no panel blocks the document; the moved section remains intact; focus and scrolling are predictable.","Ready for independent manual execution"
"RF-MAN-364","Responsive, touch, and accessibility","High","macOS Safari","open AI panel after moving at 360×800","Set viewport to 360×800; enable keyboard navigation and browser zoom at 100%.","Perform open AI panel after moving. Repeat with Tab/Enter where supported and inspect labels, focus, clipping, scrolling, and touch targets.","Controls remain reachable and labeled; no panel blocks the document; the moved section remains intact; focus and scrolling are predictable.","Ready for independent manual execution"
"RF-MAN-365","Responsive, touch, and accessibility","Medium","macOS Chrome","export after moving at 360×800","Set viewport to 360×800; enable keyboard navigation and browser zoom at 100%.","Perform export after moving. Repeat with Tab/Enter where supported and inspect labels, focus, clipping, scrolling, and touch targets.","Controls remain reachable and labeled; no panel blocks the document; the moved section remains intact; focus and scrolling are predictable.","Ready for independent manual execution"
"RF-MAN-366","Responsive, touch, and accessibility","Critical","Android Chrome","open Content and move a section at 320×568","Set viewport to 320×568; enable keyboard navigation and browser zoom at 100%.","Perform open Content and move a section. Repeat with Tab/Enter where supported and inspect labels, focus, clipping, scrolling, and touch targets.","Controls remain reachable and labeled; no panel blocks the document; the moved section remains intact; focus and scrolling are predictable.","Ready for independent manual execution"
"RF-MAN-367","Responsive, touch, and accessibility","High","iPhone Safari","use on-page arrows at 320×568","Set viewport to 320×568; enable keyboard navigation and browser zoom at 100%.","Perform use on-page arrows. Repeat with Tab/Enter where supported and inspect labels, focus, clipping, scrolling, and touch targets.","Controls remain reachable and labeled; no panel blocks the document; the moved section remains intact; focus and scrolling are predictable.","Ready for independent manual execution"
"RF-MAN-368","Responsive, touch, and accessibility","Medium","iPad Safari","drag a section at 320×568","Set viewport to 320×568; enable keyboard navigation and browser zoom at 100%.","Perform drag a section. Repeat with Tab/Enter where supported and inspect labels, focus, clipping, scrolling, and touch targets.","Controls remain reachable and labeled; no panel blocks the document; the moved section remains intact; focus and scrolling are predictable.","Ready for independent manual execution"
"RF-MAN-369","Responsive, touch, and accessibility","Critical","Linux Chrome","open AI panel after moving at 320×568","Set viewport to 320×568; enable keyboard navigation and browser zoom at 100%.","Perform open AI panel after moving. Repeat with Tab/Enter where supported and inspect labels, focus, clipping, scrolling, and touch targets.","Controls remain reachable and labeled; no panel blocks the document; the moved section remains intact; focus and scrolling are predictable.","Ready for independent manual execution"
"RF-MAN-370","Responsive, touch, and accessibility","High","Tablet Edge","export after moving at 320×568","Set viewport to 320×568; enable keyboard navigation and browser zoom at 100%.","Perform export after moving. Repeat with Tab/Enter where supported and inspect labels, focus, clipping, scrolling, and touch targets.","Controls remain reachable and labeled; no panel blocks the document; the moved section remains intact; focus and scrolling are predictable.","Ready for independent manual execution"
"RF-MAN-371","AI and ATS","Critical","Windows Chrome","Banking: complete resume after section movement","Use verified Banking facts and a matching job description; configure an authorized provider only if the workflow requires it.","Move Experience and Skills to new positions. Run complete resume. Review before applying and compare every fact with the supplied source facts.","Moved order is preserved unless explicitly replaced; output is relevant and grammatical; no employer, date, metric, credential, product, or sensitive fact is invented; ATS labels itself heuristic.","Ready for independent manual execution"
"RF-MAN-372","AI and ATS","High","Windows Edge","Banking: section writer after section movement","Use verified Banking facts and a matching job description; configure an authorized provider only if the workflow requires it.","Move Experience and Skills to new positions. Run section writer. Review before applying and compare every fact with the supplied source facts.","Moved order is preserved unless explicitly replaced; output is relevant and grammatical; no employer, date, metric, credential, product, or sensitive fact is invented; ATS labels itself heuristic.","Ready for independent manual execution"
"RF-MAN-373","AI and ATS","Medium","Windows Firefox","Banking: grammar correction after section movement","Use verified Banking facts and a matching job description; configure an authorized provider only if the workflow requires it.","Move Experience and Skills to new positions. Run grammar correction. Review before applying and compare every fact with the supplied source facts.","Moved order is preserved unless explicitly replaced; output is relevant and grammatical; no employer, date, metric, credential, product, or sensitive fact is invented; ATS labels itself heuristic.","Ready for independent manual execution"
"RF-MAN-374","AI and ATS","Critical","macOS Safari","Banking: professional suggestions after section movement","Use verified Banking facts and a matching job description; configure an authorized provider only if the workflow requires it.","Move Experience and Skills to new positions. Run professional suggestions. Review before applying and compare every fact with the supplied source facts.","Moved order is preserved unless explicitly replaced; output is relevant and grammatical; no employer, date, metric, credential, product, or sensitive fact is invented; ATS labels itself heuristic.","Ready for independent manual execution"
"RF-MAN-375","AI and ATS","High","macOS Chrome","Banking: ATS job match after section movement","Use verified Banking facts and a matching job description; configure an authorized provider only if the workflow requires it.","Move Experience and Skills to new positions. Run ATS job match. Review before applying and compare every fact with the supplied source facts.","Moved order is preserved unless explicitly replaced; output is relevant and grammatical; no employer, date, metric, credential, product, or sensitive fact is invented; ATS labels itself heuristic.","Ready for independent manual execution"
"RF-MAN-376","AI and ATS","Medium","Android Chrome","Trade Finance: complete resume after section movement","Use verified Trade Finance facts and a matching job description; configure an authorized provider only if the workflow requires it.","Move Experience and Skills to new positions. Run complete resume. Review before applying and compare every fact with the supplied source facts.","Moved order is preserved unless explicitly replaced; output is relevant and grammatical; no employer, date, metric, credential, product, or sensitive fact is invented; ATS labels itself heuristic.","Ready for independent manual execution"
"RF-MAN-377","AI and ATS","Critical","iPhone Safari","Trade Finance: section writer after section movement","Use verified Trade Finance facts and a matching job description; configure an authorized provider only if the workflow requires it.","Move Experience and Skills to new positions. Run section writer. Review before applying and compare every fact with the supplied source facts.","Moved order is preserved unless explicitly replaced; output is relevant and grammatical; no employer, date, metric, credential, product, or sensitive fact is invented; ATS labels itself heuristic.","Ready for independent manual execution"
"RF-MAN-378","AI and ATS","High","iPad Safari","Trade Finance: grammar correction after section movement","Use verified Trade Finance facts and a matching job description; configure an authorized provider only if the workflow requires it.","Move Experience and Skills to new positions. Run grammar correction. Review before applying and compare every fact with the supplied source facts.","Moved order is preserved unless explicitly replaced; output is relevant and grammatical; no employer, date, metric, credential, product, or sensitive fact is invented; ATS labels itself heuristic.","Ready for independent manual execution"
"RF-MAN-379","AI and ATS","Medium","Linux Chrome","Trade Finance: professional suggestions after section movement","Use verified Trade Finance facts and a matching job description; configure an authorized provider only if the workflow requires it.","Move Experience and Skills to new positions. Run professional suggestions. Review before applying and compare every fact with the supplied source facts.","Moved order is preserved unless explicitly replaced; output is relevant and grammatical; no employer, date, metric, credential, product, or sensitive fact is invented; ATS labels itself heuristic.","Ready for independent manual execution"
"RF-MAN-380","AI and ATS","Critical","Tablet Edge","Trade Finance: ATS job match after section movement","Use verified Trade Finance facts and a matching job description; configure an authorized provider only if the workflow requires it.","Move Experience and Skills to new positions. Run ATS job match. Review before applying and compare every fact with the supplied source facts.","Moved order is preserved unless explicitly replaced; output is relevant and grammatical; no employer, date, metric, credential, product, or sensitive fact is invented; ATS labels itself heuristic.","Ready for independent manual execution"
"RF-MAN-381","AI and ATS","High","Windows Chrome","Software Testing: complete resume after section movement","Use verified Software Testing facts and a matching job description; configure an authorized provider only if the workflow requires it.","Move Experience and Skills to new positions. Run complete resume. Review before applying and compare every fact with the supplied source facts.","Moved order is preserved unless explicitly replaced; output is relevant and grammatical; no employer, date, metric, credential, product, or sensitive fact is invented; ATS labels itself heuristic.","Ready for independent manual execution"
"RF-MAN-382","AI and ATS","Medium","Windows Edge","Software Testing: section writer after section movement","Use verified Software Testing facts and a matching job description; configure an authorized provider only if the workflow requires it.","Move Experience and Skills to new positions. Run section writer. Review before applying and compare every fact with the supplied source facts.","Moved order is preserved unless explicitly replaced; output is relevant and grammatical; no employer, date, metric, credential, product, or sensitive fact is invented; ATS labels itself heuristic.","Ready for independent manual execution"
"RF-MAN-383","AI and ATS","Critical","Windows Firefox","Software Testing: grammar correction after section movement","Use verified Software Testing facts and a matching job description; configure an authorized provider only if the workflow requires it.","Move Experience and Skills to new positions. Run grammar correction. Review before applying and compare every fact with the supplied source facts.","Moved order is preserved unless explicitly replaced; output is relevant and grammatical; no employer, date, metric, credential, product, or sensitive fact is invented; ATS labels itself heuristic.","Ready for independent manual execution"
"RF-MAN-384","AI and ATS","High","macOS Safari","Software Testing: professional suggestions after section movement","Use verified Software Testing facts and a matching job description; configure an authorized provider only if the workflow requires it.","Move Experience and Skills to new positions. Run professional suggestions. Review before applying and compare every fact with the supplied source facts.","Moved order is preserved unless explicitly replaced; output is relevant and grammatical; no employer, date, metric, credential, product, or sensitive fact is invented; ATS labels itself heuristic.","Ready for independent manual execution"
"RF-MAN-385","AI and ATS","Medium","macOS Chrome","Software Testing: ATS job match after section movement","Use verified Software Testing facts and a matching job description; configure an authorized provider only if the workflow requires it.","Move Experience and Skills to new positions. Run ATS job match. Review before applying and compare every fact with the supplied source facts.","Moved order is preserved unless explicitly replaced; output is relevant and grammatical; no employer, date, metric, credential, product, or sensitive fact is invented; ATS labels itself heuristic.","Ready for independent manual execution"
"RF-MAN-386","AI and ATS","Critical","Android Chrome","Functional Testing: complete resume after section movement","Use verified Functional Testing facts and a matching job description; configure an authorized provider only if the workflow requires it.","Move Experience and Skills to new positions. Run complete resume. Review before applying and compare every fact with the supplied source facts.","Moved order is preserved unless explicitly replaced; output is relevant and grammatical; no employer, date, metric, credential, product, or sensitive fact is invented; ATS labels itself heuristic.","Ready for independent manual execution"
"RF-MAN-387","AI and ATS","High","iPhone Safari","Functional Testing: section writer after section movement","Use verified Functional Testing facts and a matching job description; configure an authorized provider only if the workflow requires it.","Move Experience and Skills to new positions. Run section writer. Review before applying and compare every fact with the supplied source facts.","Moved order is preserved unless explicitly replaced; output is relevant and grammatical; no employer, date, metric, credential, product, or sensitive fact is invented; ATS labels itself heuristic.","Ready for independent manual execution"
"RF-MAN-388","AI and ATS","Medium","iPad Safari","Functional Testing: grammar correction after section movement","Use verified Functional Testing facts and a matching job description; configure an authorized provider only if the workflow requires it.","Move Experience and Skills to new positions. Run grammar correction. Review before applying and compare every fact with the supplied source facts.","Moved order is preserved unless explicitly replaced; output is relevant and grammatical; no employer, date, metric, credential, product, or sensitive fact is invented; ATS labels itself heuristic.","Ready for independent manual execution"
"RF-MAN-389","AI and ATS","Critical","Linux Chrome","Functional Testing: professional suggestions after section movement","Use verified Functional Testing facts and a matching job description; configure an authorized provider only if the workflow requires it.","Move Experience and Skills to new positions. Run professional suggestions. Review before applying and compare every fact with the supplied source facts.","Moved order is preserved unless explicitly replaced; output is relevant and grammatical; no employer, date, metric, credential, product, or sensitive fact is invented; ATS labels itself heuristic.","Ready for independent manual execution"
"RF-MAN-390","AI and ATS","High","Tablet Edge","Functional Testing: ATS job match after section movement","Use verified Functional Testing facts and a matching job description; configure an authorized provider only if the workflow requires it.","Move Experience and Skills to new positions. Run ATS job match. Review before applying and compare every fact with the supplied source facts.","Moved order is preserved unless explicitly replaced; output is relevant and grammatical; no employer, date, metric, credential, product, or sensitive fact is invented; ATS labels itself heuristic.","Ready for independent manual execution"
"RF-MAN-391","AI and ATS","Medium","Windows Chrome","Information Technology: complete resume after section movement","Use verified Information Technology facts and a matching job description; configure an authorized provider only if the workflow requires it.","Move Experience and Skills to new positions. Run complete resume. Review before applying and compare every fact with the supplied source facts.","Moved order is preserved unless explicitly replaced; output is relevant and grammatical; no employer, date, metric, credential, product, or sensitive fact is invented; ATS labels itself heuristic.","Ready for independent manual execution"
"RF-MAN-392","AI and ATS","Critical","Windows Edge","Information Technology: section writer after section movement","Use verified Information Technology facts and a matching job description; configure an authorized provider only if the workflow requires it.","Move Experience and Skills to new positions. Run section writer. Review before applying and compare every fact with the supplied source facts.","Moved order is preserved unless explicitly replaced; output is relevant and grammatical; no employer, date, metric, credential, product, or sensitive fact is invented; ATS labels itself heuristic.","Ready for independent manual execution"
"RF-MAN-393","AI and ATS","High","Windows Firefox","Information Technology: grammar correction after section movement","Use verified Information Technology facts and a matching job description; configure an authorized provider only if the workflow requires it.","Move Experience and Skills to new positions. Run grammar correction. Review before applying and compare every fact with the supplied source facts.","Moved order is preserved unless explicitly replaced; output is relevant and grammatical; no employer, date, metric, credential, product, or sensitive fact is invented; ATS labels itself heuristic.","Ready for independent manual execution"
"RF-MAN-394","AI and ATS","Medium","macOS Safari","Information Technology: professional suggestions after section movement","Use verified Information Technology facts and a matching job description; configure an authorized provider only if the workflow requires it.","Move Experience and Skills to new positions. Run professional suggestions. Review before applying and compare every fact with the supplied source facts.","Moved order is preserved unless explicitly replaced; output is relevant and grammatical; no employer, date, metric, credential, product, or sensitive fact is invented; ATS labels itself heuristic.","Ready for independent manual execution"
"RF-MAN-395","AI and ATS","Critical","macOS Chrome","Information Technology: ATS job match after section movement","Use verified Information Technology facts and a matching job description; configure an authorized provider only if the workflow requires it.","Move Experience and Skills to new positions. Run ATS job match. Review before applying and compare every fact with the supplied source facts.","Moved order is preserved unless explicitly replaced; output is relevant and grammatical; no employer, date, metric, credential, product, or sensitive fact is invented; ATS labels itself heuristic.","Ready for independent manual execution"
"RF-MAN-396","AI and ATS","High","Android Chrome","Cheque Clearing / CTS: complete resume after section movement","Use verified Cheque Clearing / CTS facts and a matching job description; configure an authorized provider only if the workflow requires it.","Move Experience and Skills to new positions. Run complete resume. Review before applying and compare every fact with the supplied source facts.","Moved order is preserved unless explicitly replaced; output is relevant and grammatical; no employer, date, metric, credential, product, or sensitive fact is invented; ATS labels itself heuristic.","Ready for independent manual execution"
"RF-MAN-397","AI and ATS","Medium","iPhone Safari","Cheque Clearing / CTS: section writer after section movement","Use verified Cheque Clearing / CTS facts and a matching job description; configure an authorized provider only if the workflow requires it.","Move Experience and Skills to new positions. Run section writer. Review before applying and compare every fact with the supplied source facts.","Moved order is preserved unless explicitly replaced; output is relevant and grammatical; no employer, date, metric, credential, product, or sensitive fact is invented; ATS labels itself heuristic.","Ready for independent manual execution"
"RF-MAN-398","AI and ATS","Critical","iPad Safari","Cheque Clearing / CTS: grammar correction after section movement","Use verified Cheque Clearing / CTS facts and a matching job description; configure an authorized provider only if the workflow requires it.","Move Experience and Skills to new positions. Run grammar correction. Review before applying and compare every fact with the supplied source facts.","Moved order is preserved unless explicitly replaced; output is relevant and grammatical; no employer, date, metric, credential, product, or sensitive fact is invented; ATS labels itself heuristic.","Ready for independent manual execution"
"RF-MAN-399","AI and ATS","High","Linux Chrome","Cheque Clearing / CTS: professional suggestions after section movement","Use verified Cheque Clearing / CTS facts and a matching job description; configure an authorized provider only if the workflow requires it.","Move Experience and Skills to new positions. Run professional suggestions. Review before applying and compare every fact with the supplied source facts.","Moved order is preserved unless explicitly replaced; output is relevant and grammatical; no employer, date, metric, credential, product, or sensitive fact is invented; ATS labels itself heuristic.","Ready for independent manual execution"
"RF-MAN-400","AI and ATS","Medium","Tablet Edge","Cheque Clearing / CTS: ATS job match after section movement","Use verified Cheque Clearing / CTS facts and a matching job description; configure an authorized provider only if the workflow requires it.","Move Experience and Skills to new positions. Run ATS job match. Review before applying and compare every fact with the supplied source facts.","Moved order is preserved unless explicitly replaced; output is relevant and grammatical; no employer, date, metric, credential, product, or sensitive fact is invented; ATS labels itself heuristic.","Ready for independent manual execution"
"RF-MAN-401","AI and ATS","Critical","Windows Chrome","Experienced Operations: complete resume after section movement","Use verified Experienced Operations facts and a matching job description; configure an authorized provider only if the workflow requires it.","Move Experience and Skills to new positions. Run complete resume. Review before applying and compare every fact with the supplied source facts.","Moved order is preserved unless explicitly replaced; output is relevant and grammatical; no employer, date, metric, credential, product, or sensitive fact is invented; ATS labels itself heuristic.","Ready for independent manual execution"
"RF-MAN-402","AI and ATS","High","Windows Edge","Experienced Operations: section writer after section movement","Use verified Experienced Operations facts and a matching job description; configure an authorized provider only if the workflow requires it.","Move Experience and Skills to new positions. Run section writer. Review before applying and compare every fact with the supplied source facts.","Moved order is preserved unless explicitly replaced; output is relevant and grammatical; no employer, date, metric, credential, product, or sensitive fact is invented; ATS labels itself heuristic.","Ready for independent manual execution"
"RF-MAN-403","AI and ATS","Medium","Windows Firefox","Experienced Operations: grammar correction after section movement","Use verified Experienced Operations facts and a matching job description; configure an authorized provider only if the workflow requires it.","Move Experience and Skills to new positions. Run grammar correction. Review before applying and compare every fact with the supplied source facts.","Moved order is preserved unless explicitly replaced; output is relevant and grammatical; no employer, date, metric, credential, product, or sensitive fact is invented; ATS labels itself heuristic.","Ready for independent manual execution"
"RF-MAN-404","AI and ATS","Critical","macOS Safari","Experienced Operations: professional suggestions after section movement","Use verified Experienced Operations facts and a matching job description; configure an authorized provider only if the workflow requires it.","Move Experience and Skills to new positions. Run professional suggestions. Review before applying and compare every fact with the supplied source facts.","Moved order is preserved unless explicitly replaced; output is relevant and grammatical; no employer, date, metric, credential, product, or sensitive fact is invented; ATS labels itself heuristic.","Ready for independent manual execution"
"RF-MAN-405","AI and ATS","High","macOS Chrome","Experienced Operations: ATS job match after section movement","Use verified Experienced Operations facts and a matching job description; configure an authorized provider only if the workflow requires it.","Move Experience and Skills to new positions. Run ATS job match. Review before applying and compare every fact with the supplied source facts.","Moved order is preserved unless explicitly replaced; output is relevant and grammatical; no employer, date, metric, credential, product, or sensitive fact is invented; ATS labels itself heuristic.","Ready for independent manual execution"
"RF-MAN-406","AI and ATS","Medium","Android Chrome","Healthcare: complete resume after section movement","Use verified Healthcare facts and a matching job description; configure an authorized provider only if the workflow requires it.","Move Experience and Skills to new positions. Run complete resume. Review before applying and compare every fact with the supplied source facts.","Moved order is preserved unless explicitly replaced; output is relevant and grammatical; no employer, date, metric, credential, product, or sensitive fact is invented; ATS labels itself heuristic.","Ready for independent manual execution"
"RF-MAN-407","AI and ATS","Critical","iPhone Safari","Healthcare: section writer after section movement","Use verified Healthcare facts and a matching job description; configure an authorized provider only if the workflow requires it.","Move Experience and Skills to new positions. Run section writer. Review before applying and compare every fact with the supplied source facts.","Moved order is preserved unless explicitly replaced; output is relevant and grammatical; no employer, date, metric, credential, product, or sensitive fact is invented; ATS labels itself heuristic.","Ready for independent manual execution"
"RF-MAN-408","AI and ATS","High","iPad Safari","Healthcare: grammar correction after section movement","Use verified Healthcare facts and a matching job description; configure an authorized provider only if the workflow requires it.","Move Experience and Skills to new positions. Run grammar correction. Review before applying and compare every fact with the supplied source facts.","Moved order is preserved unless explicitly replaced; output is relevant and grammatical; no employer, date, metric, credential, product, or sensitive fact is invented; ATS labels itself heuristic.","Ready for independent manual execution"
"RF-MAN-409","AI and ATS","Medium","Linux Chrome","Healthcare: professional suggestions after section movement","Use verified Healthcare facts and a matching job description; configure an authorized provider only if the workflow requires it.","Move Experience and Skills to new positions. Run professional suggestions. Review before applying and compare every fact with the supplied source facts.","Moved order is preserved unless explicitly replaced; output is relevant and grammatical; no employer, date, metric, credential, product, or sensitive fact is invented; ATS labels itself heuristic.","Ready for independent manual execution"
"RF-MAN-410","AI and ATS","Critical","Tablet Edge","Healthcare: ATS job match after section movement","Use verified Healthcare facts and a matching job description; configure an authorized provider only if the workflow requires it.","Move Experience and Skills to new positions. Run ATS job match. Review before applying and compare every fact with the supplied source facts.","Moved order is preserved unless explicitly replaced; output is relevant and grammatical; no employer, date, metric, credential, product, or sensitive fact is invented; ATS labels itself heuristic.","Ready for independent manual execution"
"RF-MAN-411","AI and ATS","High","Windows Chrome","Education: complete resume after section movement","Use verified Education facts and a matching job description; configure an authorized provider only if the workflow requires it.","Move Experience and Skills to new positions. Run complete resume. Review before applying and compare every fact with the supplied source facts.","Moved order is preserved unless explicitly replaced; output is relevant and grammatical; no employer, date, metric, credential, product, or sensitive fact is invented; ATS labels itself heuristic.","Ready for independent manual execution"
"RF-MAN-412","AI and ATS","Medium","Windows Edge","Education: section writer after section movement","Use verified Education facts and a matching job description; configure an authorized provider only if the workflow requires it.","Move Experience and Skills to new positions. Run section writer. Review before applying and compare every fact with the supplied source facts.","Moved order is preserved unless explicitly replaced; output is relevant and grammatical; no employer, date, metric, credential, product, or sensitive fact is invented; ATS labels itself heuristic.","Ready for independent manual execution"
"RF-MAN-413","AI and ATS","Critical","Windows Firefox","Education: grammar correction after section movement","Use verified Education facts and a matching job description; configure an authorized provider only if the workflow requires it.","Move Experience and Skills to new positions. Run grammar correction. Review before applying and compare every fact with the supplied source facts.","Moved order is preserved unless explicitly replaced; output is relevant and grammatical; no employer, date, metric, credential, product, or sensitive fact is invented; ATS labels itself heuristic.","Ready for independent manual execution"
"RF-MAN-414","AI and ATS","High","macOS Safari","Education: professional suggestions after section movement","Use verified Education facts and a matching job description; configure an authorized provider only if the workflow requires it.","Move Experience and Skills to new positions. Run professional suggestions. Review before applying and compare every fact with the supplied source facts.","Moved order is preserved unless explicitly replaced; output is relevant and grammatical; no employer, date, metric, credential, product, or sensitive fact is invented; ATS labels itself heuristic.","Ready for independent manual execution"
"RF-MAN-415","AI and ATS","Medium","macOS Chrome","Education: ATS job match after section movement","Use verified Education facts and a matching job description; configure an authorized provider only if the workflow requires it.","Move Experience and Skills to new positions. Run ATS job match. Review before applying and compare every fact with the supplied source facts.","Moved order is preserved unless explicitly replaced; output is relevant and grammatical; no employer, date, metric, credential, product, or sensitive fact is invented; ATS labels itself heuristic.","Ready for independent manual execution"
"RF-MAN-416","AI and ATS","Critical","Android Chrome","Engineering: complete resume after section movement","Use verified Engineering facts and a matching job description; configure an authorized provider only if the workflow requires it.","Move Experience and Skills to new positions. Run complete resume. Review before applying and compare every fact with the supplied source facts.","Moved order is preserved unless explicitly replaced; output is relevant and grammatical; no employer, date, metric, credential, product, or sensitive fact is invented; ATS labels itself heuristic.","Ready for independent manual execution"
"RF-MAN-417","AI and ATS","High","iPhone Safari","Engineering: section writer after section movement","Use verified Engineering facts and a matching job description; configure an authorized provider only if the workflow requires it.","Move Experience and Skills to new positions. Run section writer. Review before applying and compare every fact with the supplied source facts.","Moved order is preserved unless explicitly replaced; output is relevant and grammatical; no employer, date, metric, credential, product, or sensitive fact is invented; ATS labels itself heuristic.","Ready for independent manual execution"
"RF-MAN-418","AI and ATS","Medium","iPad Safari","Engineering: grammar correction after section movement","Use verified Engineering facts and a matching job description; configure an authorized provider only if the workflow requires it.","Move Experience and Skills to new positions. Run grammar correction. Review before applying and compare every fact with the supplied source facts.","Moved order is preserved unless explicitly replaced; output is relevant and grammatical; no employer, date, metric, credential, product, or sensitive fact is invented; ATS labels itself heuristic.","Ready for independent manual execution"
"RF-MAN-419","AI and ATS","Critical","Linux Chrome","Engineering: professional suggestions after section movement","Use verified Engineering facts and a matching job description; configure an authorized provider only if the workflow requires it.","Move Experience and Skills to new positions. Run professional suggestions. Review before applying and compare every fact with the supplied source facts.","Moved order is preserved unless explicitly replaced; output is relevant and grammatical; no employer, date, metric, credential, product, or sensitive fact is invented; ATS labels itself heuristic.","Ready for independent manual execution"
"RF-MAN-420","AI and ATS","High","Tablet Edge","Engineering: ATS job match after section movement","Use verified Engineering facts and a matching job description; configure an authorized provider only if the workflow requires it.","Move Experience and Skills to new positions. Run ATS job match. Review before applying and compare every fact with the supplied source facts.","Moved order is preserved unless explicitly replaced; output is relevant and grammatical; no employer, date, metric, credential, product, or sensitive fact is invented; ATS labels itself heuristic.","Ready for independent manual execution"
"RF-MAN-421","Editing and customization","Critical","Windows Chrome","Apply body font before moving","A resume section contains formatted paragraphs, a list, and a unique content marker.","Apply body font before moving. Continue typing, save, navigate pages, and reopen.","Customization applies at the intended scope; section content and order remain intact; typing retains focus; no unexpected layout overflow occurs.","Ready for independent manual execution"
"RF-MAN-422","Editing and customization","High","Windows Edge","Apply body font after moving up/down","A resume section contains formatted paragraphs, a list, and a unique content marker.","Apply body font after moving up/down. Continue typing, save, navigate pages, and reopen.","Customization applies at the intended scope; section content and order remain intact; typing retains focus; no unexpected layout overflow occurs.","Ready for independent manual execution"
"RF-MAN-423","Editing and customization","Medium","Windows Firefox","Apply body font after changing column","A resume section contains formatted paragraphs, a list, and a unique content marker.","Apply body font after changing column. Continue typing, save, navigate pages, and reopen.","Customization applies at the intended scope; section content and order remain intact; typing retains focus; no unexpected layout overflow occurs.","Ready for independent manual execution"
"RF-MAN-424","Editing and customization","Critical","macOS Safari","Apply body font after drag/drop","A resume section contains formatted paragraphs, a list, and a unique content marker.","Apply body font after drag/drop. Continue typing, save, navigate pages, and reopen.","Customization applies at the intended scope; section content and order remain intact; typing retains focus; no unexpected layout overflow occurs.","Ready for independent manual execution"
"RF-MAN-425","Editing and customization","High","macOS Chrome","Apply body font after save/reopen","A resume section contains formatted paragraphs, a list, and a unique content marker.","Apply body font after save/reopen. Continue typing, save, navigate pages, and reopen.","Customization applies at the intended scope; section content and order remain intact; typing retains focus; no unexpected layout overflow occurs.","Ready for independent manual execution"
"RF-MAN-426","Editing and customization","Medium","Android Chrome","Apply heading font before moving","A resume section contains formatted paragraphs, a list, and a unique content marker.","Apply heading font before moving. Continue typing, save, navigate pages, and reopen.","Customization applies at the intended scope; section content and order remain intact; typing retains focus; no unexpected layout overflow occurs.","Ready for independent manual execution"
"RF-MAN-427","Editing and customization","Critical","iPhone Safari","Apply heading font after moving up/down","A resume section contains formatted paragraphs, a list, and a unique content marker.","Apply heading font after moving up/down. Continue typing, save, navigate pages, and reopen.","Customization applies at the intended scope; section content and order remain intact; typing retains focus; no unexpected layout overflow occurs.","Ready for independent manual execution"
"RF-MAN-428","Editing and customization","High","iPad Safari","Apply heading font after changing column","A resume section contains formatted paragraphs, a list, and a unique content marker.","Apply heading font after changing column. Continue typing, save, navigate pages, and reopen.","Customization applies at the intended scope; section content and order remain intact; typing retains focus; no unexpected layout overflow occurs.","Ready for independent manual execution"
"RF-MAN-429","Editing and customization","Medium","Linux Chrome","Apply heading font after drag/drop","A resume section contains formatted paragraphs, a list, and a unique content marker.","Apply heading font after drag/drop. Continue typing, save, navigate pages, and reopen.","Customization applies at the intended scope; section content and order remain intact; typing retains focus; no unexpected layout overflow occurs.","Ready for independent manual execution"
"RF-MAN-430","Editing and customization","Critical","Tablet Edge","Apply heading font after save/reopen","A resume section contains formatted paragraphs, a list, and a unique content marker.","Apply heading font after save/reopen. Continue typing, save, navigate pages, and reopen.","Customization applies at the intended scope; section content and order remain intact; typing retains focus; no unexpected layout overflow occurs.","Ready for independent manual execution"
"RF-MAN-431","Editing and customization","High","Windows Chrome","Apply font size before moving","A resume section contains formatted paragraphs, a list, and a unique content marker.","Apply font size before moving. Continue typing, save, navigate pages, and reopen.","Customization applies at the intended scope; section content and order remain intact; typing retains focus; no unexpected layout overflow occurs.","Ready for independent manual execution"
"RF-MAN-432","Editing and customization","Medium","Windows Edge","Apply font size after moving up/down","A resume section contains formatted paragraphs, a list, and a unique content marker.","Apply font size after moving up/down. Continue typing, save, navigate pages, and reopen.","Customization applies at the intended scope; section content and order remain intact; typing retains focus; no unexpected layout overflow occurs.","Ready for independent manual execution"
"RF-MAN-433","Editing and customization","Critical","Windows Firefox","Apply font size after changing column","A resume section contains formatted paragraphs, a list, and a unique content marker.","Apply font size after changing column. Continue typing, save, navigate pages, and reopen.","Customization applies at the intended scope; section content and order remain intact; typing retains focus; no unexpected layout overflow occurs.","Ready for independent manual execution"
"RF-MAN-434","Editing and customization","High","macOS Safari","Apply font size after drag/drop","A resume section contains formatted paragraphs, a list, and a unique content marker.","Apply font size after drag/drop. Continue typing, save, navigate pages, and reopen.","Customization applies at the intended scope; section content and order remain intact; typing retains focus; no unexpected layout overflow occurs.","Ready for independent manual execution"
"RF-MAN-435","Editing and customization","Medium","macOS Chrome","Apply font size after save/reopen","A resume section contains formatted paragraphs, a list, and a unique content marker.","Apply font size after save/reopen. Continue typing, save, navigate pages, and reopen.","Customization applies at the intended scope; section content and order remain intact; typing retains focus; no unexpected layout overflow occurs.","Ready for independent manual execution"
"RF-MAN-436","Editing and customization","Critical","Android Chrome","Apply six colors before moving","A resume section contains formatted paragraphs, a list, and a unique content marker.","Apply six colors before moving. Continue typing, save, navigate pages, and reopen.","Customization applies at the intended scope; section content and order remain intact; typing retains focus; no unexpected layout overflow occurs.","Ready for independent manual execution"
"RF-MAN-437","Editing and customization","High","iPhone Safari","Apply six colors after moving up/down","A resume section contains formatted paragraphs, a list, and a unique content marker.","Apply six colors after moving up/down. Continue typing, save, navigate pages, and reopen.","Customization applies at the intended scope; section content and order remain intact; typing retains focus; no unexpected layout overflow occurs.","Ready for independent manual execution"
"RF-MAN-438","Editing and customization","Medium","iPad Safari","Apply six colors after changing column","A resume section contains formatted paragraphs, a list, and a unique content marker.","Apply six colors after changing column. Continue typing, save, navigate pages, and reopen.","Customization applies at the intended scope; section content and order remain intact; typing retains focus; no unexpected layout overflow occurs.","Ready for independent manual execution"
"RF-MAN-439","Editing and customization","Critical","Linux Chrome","Apply six colors after drag/drop","A resume section contains formatted paragraphs, a list, and a unique content marker.","Apply six colors after drag/drop. Continue typing, save, navigate pages, and reopen.","Customization applies at the intended scope; section content and order remain intact; typing retains focus; no unexpected layout overflow occurs.","Ready for independent manual execution"
"RF-MAN-440","Editing and customization","High","Tablet Edge","Apply six colors after save/reopen","A resume section contains formatted paragraphs, a list, and a unique content marker.","Apply six colors after save/reopen. Continue typing, save, navigate pages, and reopen.","Customization applies at the intended scope; section content and order remain intact; typing retains focus; no unexpected layout overflow occurs.","Ready for independent manual execution"
"RF-MAN-441","Editing and customization","Medium","Windows Chrome","Apply highlight before moving","A resume section contains formatted paragraphs, a list, and a unique content marker.","Apply highlight before moving. Continue typing, save, navigate pages, and reopen.","Customization applies at the intended scope; section content and order remain intact; typing retains focus; no unexpected layout overflow occurs.","Ready for independent manual execution"
"RF-MAN-442","Editing and customization","Critical","Windows Edge","Apply highlight after moving up/down","A resume section contains formatted paragraphs, a list, and a unique content marker.","Apply highlight after moving up/down. Continue typing, save, navigate pages, and reopen.","Customization applies at the intended scope; section content and order remain intact; typing retains focus; no unexpected layout overflow occurs.","Ready for independent manual execution"
"RF-MAN-443","Editing and customization","High","Windows Firefox","Apply highlight after changing column","A resume section contains formatted paragraphs, a list, and a unique content marker.","Apply highlight after changing column. Continue typing, save, navigate pages, and reopen.","Customization applies at the intended scope; section content and order remain intact; typing retains focus; no unexpected layout overflow occurs.","Ready for independent manual execution"
"RF-MAN-444","Editing and customization","Medium","macOS Safari","Apply highlight after drag/drop","A resume section contains formatted paragraphs, a list, and a unique content marker.","Apply highlight after drag/drop. Continue typing, save, navigate pages, and reopen.","Customization applies at the intended scope; section content and order remain intact; typing retains focus; no unexpected layout overflow occurs.","Ready for independent manual execution"
"RF-MAN-445","Editing and customization","Critical","macOS Chrome","Apply highlight after save/reopen","A resume section contains formatted paragraphs, a list, and a unique content marker.","Apply highlight after save/reopen. Continue typing, save, navigate pages, and reopen.","Customization applies at the intended scope; section content and order remain intact; typing retains focus; no unexpected layout overflow occurs.","Ready for independent manual execution"
"RF-MAN-446","Editing and customization","High","Android Chrome","Apply bullet style before moving","A resume section contains formatted paragraphs, a list, and a unique content marker.","Apply bullet style before moving. Continue typing, save, navigate pages, and reopen.","Customization applies at the intended scope; section content and order remain intact; typing retains focus; no unexpected layout overflow occurs.","Ready for independent manual execution"
"RF-MAN-447","Editing and customization","Medium","iPhone Safari","Apply bullet style after moving up/down","A resume section contains formatted paragraphs, a list, and a unique content marker.","Apply bullet style after moving up/down. Continue typing, save, navigate pages, and reopen.","Customization applies at the intended scope; section content and order remain intact; typing retains focus; no unexpected layout overflow occurs.","Ready for independent manual execution"
"RF-MAN-448","Editing and customization","Critical","iPad Safari","Apply bullet style after changing column","A resume section contains formatted paragraphs, a list, and a unique content marker.","Apply bullet style after changing column. Continue typing, save, navigate pages, and reopen.","Customization applies at the intended scope; section content and order remain intact; typing retains focus; no unexpected layout overflow occurs.","Ready for independent manual execution"
"RF-MAN-449","Editing and customization","High","Linux Chrome","Apply bullet style after drag/drop","A resume section contains formatted paragraphs, a list, and a unique content marker.","Apply bullet style after drag/drop. Continue typing, save, navigate pages, and reopen.","Customization applies at the intended scope; section content and order remain intact; typing retains focus; no unexpected layout overflow occurs.","Ready for independent manual execution"
"RF-MAN-450","Editing and customization","Medium","Tablet Edge","Apply bullet style after save/reopen","A resume section contains formatted paragraphs, a list, and a unique content marker.","Apply bullet style after save/reopen. Continue typing, save, navigate pages, and reopen.","Customization applies at the intended scope; section content and order remain intact; typing retains focus; no unexpected layout overflow occurs.","Ready for independent manual execution"
"RF-MAN-451","Editing and customization","Critical","Windows Chrome","Apply multilevel list before moving","A resume section contains formatted paragraphs, a list, and a unique content marker.","Apply multilevel list before moving. Continue typing, save, navigate pages, and reopen.","Customization applies at the intended scope; section content and order remain intact; typing retains focus; no unexpected layout overflow occurs.","Ready for independent manual execution"
"RF-MAN-452","Editing and customization","High","Windows Edge","Apply multilevel list after moving up/down","A resume section contains formatted paragraphs, a list, and a unique content marker.","Apply multilevel list after moving up/down. Continue typing, save, navigate pages, and reopen.","Customization applies at the intended scope; section content and order remain intact; typing retains focus; no unexpected layout overflow occurs.","Ready for independent manual execution"
"RF-MAN-453","Editing and customization","Medium","Windows Firefox","Apply multilevel list after changing column","A resume section contains formatted paragraphs, a list, and a unique content marker.","Apply multilevel list after changing column. Continue typing, save, navigate pages, and reopen.","Customization applies at the intended scope; section content and order remain intact; typing retains focus; no unexpected layout overflow occurs.","Ready for independent manual execution"
"RF-MAN-454","Editing and customization","Critical","macOS Safari","Apply multilevel list after drag/drop","A resume section contains formatted paragraphs, a list, and a unique content marker.","Apply multilevel list after drag/drop. Continue typing, save, navigate pages, and reopen.","Customization applies at the intended scope; section content and order remain intact; typing retains focus; no unexpected layout overflow occurs.","Ready for independent manual execution"
"RF-MAN-455","Editing and customization","High","macOS Chrome","Apply multilevel list after save/reopen","A resume section contains formatted paragraphs, a list, and a unique content marker.","Apply multilevel list after save/reopen. Continue typing, save, navigate pages, and reopen.","Customization applies at the intended scope; section content and order remain intact; typing retains focus; no unexpected layout overflow occurs.","Ready for independent manual execution"
"RF-MAN-456","Editing and customization","Medium","Android Chrome","Apply background pattern before moving","A resume section contains formatted paragraphs, a list, and a unique content marker.","Apply background pattern before moving. Continue typing, save, navigate pages, and reopen.","Customization applies at the intended scope; section content and order remain intact; typing retains focus; no unexpected layout overflow occurs.","Ready for independent manual execution"
"RF-MAN-457","Editing and customization","Critical","iPhone Safari","Apply background pattern after moving up/down","A resume section contains formatted paragraphs, a list, and a unique content marker.","Apply background pattern after moving up/down. Continue typing, save, navigate pages, and reopen.","Customization applies at the intended scope; section content and order remain intact; typing retains focus; no unexpected layout overflow occurs.","Ready for independent manual execution"
"RF-MAN-458","Editing and customization","High","iPad Safari","Apply background pattern after changing column","A resume section contains formatted paragraphs, a list, and a unique content marker.","Apply background pattern after changing column. Continue typing, save, navigate pages, and reopen.","Customization applies at the intended scope; section content and order remain intact; typing retains focus; no unexpected layout overflow occurs.","Ready for independent manual execution"
"RF-MAN-459","Editing and customization","Medium","Linux Chrome","Apply background pattern after drag/drop","A resume section contains formatted paragraphs, a list, and a unique content marker.","Apply background pattern after drag/drop. Continue typing, save, navigate pages, and reopen.","Customization applies at the intended scope; section content and order remain intact; typing retains focus; no unexpected layout overflow occurs.","Ready for independent manual execution"
"RF-MAN-460","Editing and customization","Critical","Tablet Edge","Apply background pattern after save/reopen","A resume section contains formatted paragraphs, a list, and a unique content marker.","Apply background pattern after save/reopen. Continue typing, save, navigate pages, and reopen.","Customization applies at the intended scope; section content and order remain intact; typing retains focus; no unexpected layout overflow occurs.","Ready for independent manual execution"
"RF-MAN-461","Editing and customization","High","Windows Chrome","Apply image wrapping before moving","A resume section contains formatted paragraphs, a list, and a unique content marker.","Apply image wrapping before moving. Continue typing, save, navigate pages, and reopen.","Customization applies at the intended scope; section content and order remain intact; typing retains focus; no unexpected layout overflow occurs.","Ready for independent manual execution"
"RF-MAN-462","Editing and customization","Medium","Windows Edge","Apply image wrapping after moving up/down","A resume section contains formatted paragraphs, a list, and a unique content marker.","Apply image wrapping after moving up/down. Continue typing, save, navigate pages, and reopen.","Customization applies at the intended scope; section content and order remain intact; typing retains focus; no unexpected layout overflow occurs.","Ready for independent manual execution"
"RF-MAN-463","Editing and customization","Critical","Windows Firefox","Apply image wrapping after changing column","A resume section contains formatted paragraphs, a list, and a unique content marker.","Apply image wrapping after changing column. Continue typing, save, navigate pages, and reopen.","Customization applies at the intended scope; section content and order remain intact; typing retains focus; no unexpected layout overflow occurs.","Ready for independent manual execution"
"RF-MAN-464","Editing and customization","High","macOS Safari","Apply image wrapping after drag/drop","A resume section contains formatted paragraphs, a list, and a unique content marker.","Apply image wrapping after drag/drop. Continue typing, save, navigate pages, and reopen.","Customization applies at the intended scope; section content and order remain intact; typing retains focus; no unexpected layout overflow occurs.","Ready for independent manual execution"
"RF-MAN-465","Editing and customization","Medium","macOS Chrome","Apply image wrapping after save/reopen","A resume section contains formatted paragraphs, a list, and a unique content marker.","Apply image wrapping after save/reopen. Continue typing, save, navigate pages, and reopen.","Customization applies at the intended scope; section content and order remain intact; typing retains focus; no unexpected layout overflow occurs.","Ready for independent manual execution"
"RF-MAN-466","Editing and customization","Critical","Android Chrome","Apply paper and margins before moving","A resume section contains formatted paragraphs, a list, and a unique content marker.","Apply paper and margins before moving. Continue typing, save, navigate pages, and reopen.","Customization applies at the intended scope; section content and order remain intact; typing retains focus; no unexpected layout overflow occurs.","Ready for independent manual execution"
"RF-MAN-467","Editing and customization","High","iPhone Safari","Apply paper and margins after moving up/down","A resume section contains formatted paragraphs, a list, and a unique content marker.","Apply paper and margins after moving up/down. Continue typing, save, navigate pages, and reopen.","Customization applies at the intended scope; section content and order remain intact; typing retains focus; no unexpected layout overflow occurs.","Ready for independent manual execution"
"RF-MAN-468","Editing and customization","Medium","iPad Safari","Apply paper and margins after changing column","A resume section contains formatted paragraphs, a list, and a unique content marker.","Apply paper and margins after changing column. Continue typing, save, navigate pages, and reopen.","Customization applies at the intended scope; section content and order remain intact; typing retains focus; no unexpected layout overflow occurs.","Ready for independent manual execution"
"RF-MAN-469","Editing and customization","Critical","Linux Chrome","Apply paper and margins after drag/drop","A resume section contains formatted paragraphs, a list, and a unique content marker.","Apply paper and margins after drag/drop. Continue typing, save, navigate pages, and reopen.","Customization applies at the intended scope; section content and order remain intact; typing retains focus; no unexpected layout overflow occurs.","Ready for independent manual execution"
"RF-MAN-470","Editing and customization","High","Tablet Edge","Apply paper and margins after save/reopen","A resume section contains formatted paragraphs, a list, and a unique content marker.","Apply paper and margins after save/reopen. Continue typing, save, navigate pages, and reopen.","Customization applies at the intended scope; section content and order remain intact; typing retains focus; no unexpected layout overflow occurs.","Ready for independent manual execution"
"RF-MAN-471","Negative, edge, and recovery","Critical","Windows Chrome","move first section up, then continue editing","A resume contains unique section markers and browser developer console is available for observation.","Attempt to move first section up. Then continue editing. Observe messages, content, order, storage, and console errors.","Invalid movement is safely rejected or is a no-op; there is no crash, data loss, duplication, stale drag state, exposed editor UI in output, or unrecoverable focus problem.","Ready for independent manual execution"
"RF-MAN-472","Negative, edge, and recovery","High","Windows Edge","move first section up, then save and reopen","A resume contains unique section markers and browser developer console is available for observation.","Attempt to move first section up. Then save and reopen. Observe messages, content, order, storage, and console errors.","Invalid movement is safely rejected or is a no-op; there is no crash, data loss, duplication, stale drag state, exposed editor UI in output, or unrecoverable focus problem.","Ready for independent manual execution"
"RF-MAN-473","Negative, edge, and recovery","Medium","Windows Firefox","move first section up, then export and inspect","A resume contains unique section markers and browser developer console is available for observation.","Attempt to move first section up. Then export and inspect. Observe messages, content, order, storage, and console errors.","Invalid movement is safely rejected or is a no-op; there is no crash, data loss, duplication, stale drag state, exposed editor UI in output, or unrecoverable focus problem.","Ready for independent manual execution"
"RF-MAN-474","Negative, edge, and recovery","Critical","macOS Safari","move last section down, then continue editing","A resume contains unique section markers and browser developer console is available for observation.","Attempt to move last section down. Then continue editing. Observe messages, content, order, storage, and console errors.","Invalid movement is safely rejected or is a no-op; there is no crash, data loss, duplication, stale drag state, exposed editor UI in output, or unrecoverable focus problem.","Ready for independent manual execution"
"RF-MAN-475","Negative, edge, and recovery","High","macOS Chrome","move last section down, then save and reopen","A resume contains unique section markers and browser developer console is available for observation.","Attempt to move last section down. Then save and reopen. Observe messages, content, order, storage, and console errors.","Invalid movement is safely rejected or is a no-op; there is no crash, data loss, duplication, stale drag state, exposed editor UI in output, or unrecoverable focus problem.","Ready for independent manual execution"
"RF-MAN-476","Negative, edge, and recovery","Medium","Android Chrome","move last section down, then export and inspect","A resume contains unique section markers and browser developer console is available for observation.","Attempt to move last section down. Then export and inspect. Observe messages, content, order, storage, and console errors.","Invalid movement is safely rejected or is a no-op; there is no crash, data loss, duplication, stale drag state, exposed editor UI in output, or unrecoverable focus problem.","Ready for independent manual execution"
"RF-MAN-477","Negative, edge, and recovery","Critical","iPhone Safari","move left-column section left, then continue editing","A resume contains unique section markers and browser developer console is available for observation.","Attempt to move left-column section left. Then continue editing. Observe messages, content, order, storage, and console errors.","Invalid movement is safely rejected or is a no-op; there is no crash, data loss, duplication, stale drag state, exposed editor UI in output, or unrecoverable focus problem.","Ready for independent manual execution"
"RF-MAN-478","Negative, edge, and recovery","High","iPad Safari","move left-column section left, then save and reopen","A resume contains unique section markers and browser developer console is available for observation.","Attempt to move left-column section left. Then save and reopen. Observe messages, content, order, storage, and console errors.","Invalid movement is safely rejected or is a no-op; there is no crash, data loss, duplication, stale drag state, exposed editor UI in output, or unrecoverable focus problem.","Ready for independent manual execution"
"RF-MAN-479","Negative, edge, and recovery","Medium","Linux Chrome","move left-column section left, then export and inspect","A resume contains unique section markers and browser developer console is available for observation.","Attempt to move left-column section left. Then export and inspect. Observe messages, content, order, storage, and console errors.","Invalid movement is safely rejected or is a no-op; there is no crash, data loss, duplication, stale drag state, exposed editor UI in output, or unrecoverable focus problem.","Ready for independent manual execution"
"RF-MAN-480","Negative, edge, and recovery","Critical","Tablet Edge","move right-column section right, then continue editing","A resume contains unique section markers and browser developer console is available for observation.","Attempt to move right-column section right. Then continue editing. Observe messages, content, order, storage, and console errors.","Invalid movement is safely rejected or is a no-op; there is no crash, data loss, duplication, stale drag state, exposed editor UI in output, or unrecoverable focus problem.","Ready for independent manual execution"
"RF-MAN-481","Negative, edge, and recovery","High","Windows Chrome","move right-column section right, then save and reopen","A resume contains unique section markers and browser developer console is available for observation.","Attempt to move right-column section right. Then save and reopen. Observe messages, content, order, storage, and console errors.","Invalid movement is safely rejected or is a no-op; there is no crash, data loss, duplication, stale drag state, exposed editor UI in output, or unrecoverable focus problem.","Ready for independent manual execution"
"RF-MAN-482","Negative, edge, and recovery","Medium","Windows Edge","move right-column section right, then export and inspect","A resume contains unique section markers and browser developer console is available for observation.","Attempt to move right-column section right. Then export and inspect. Observe messages, content, order, storage, and console errors.","Invalid movement is safely rejected or is a no-op; there is no crash, data loss, duplication, stale drag state, exposed editor UI in output, or unrecoverable focus problem.","Ready for independent manual execution"
"RF-MAN-483","Negative, edge, and recovery","Critical","Windows Firefox","drag onto itself, then continue editing","A resume contains unique section markers and browser developer console is available for observation.","Attempt to drag onto itself. Then continue editing. Observe messages, content, order, storage, and console errors.","Invalid movement is safely rejected or is a no-op; there is no crash, data loss, duplication, stale drag state, exposed editor UI in output, or unrecoverable focus problem.","Ready for independent manual execution"
"RF-MAN-484","Negative, edge, and recovery","High","macOS Safari","drag onto itself, then save and reopen","A resume contains unique section markers and browser developer console is available for observation.","Attempt to drag onto itself. Then save and reopen. Observe messages, content, order, storage, and console errors.","Invalid movement is safely rejected or is a no-op; there is no crash, data loss, duplication, stale drag state, exposed editor UI in output, or unrecoverable focus problem.","Ready for independent manual execution"
"RF-MAN-485","Negative, edge, and recovery","Medium","macOS Chrome","drag onto itself, then export and inspect","A resume contains unique section markers and browser developer console is available for observation.","Attempt to drag onto itself. Then export and inspect. Observe messages, content, order, storage, and console errors.","Invalid movement is safely rejected or is a no-op; there is no crash, data loss, duplication, stale drag state, exposed editor UI in output, or unrecoverable focus problem.","Ready for independent manual execution"
"RF-MAN-486","Negative, edge, and recovery","Critical","Android Chrome","drop outside the page, then continue editing","A resume contains unique section markers and browser developer console is available for observation.","Attempt to drop outside the page. Then continue editing. Observe messages, content, order, storage, and console errors.","Invalid movement is safely rejected or is a no-op; there is no crash, data loss, duplication, stale drag state, exposed editor UI in output, or unrecoverable focus problem.","Ready for independent manual execution"
"RF-MAN-487","Negative, edge, and recovery","High","iPhone Safari","drop outside the page, then save and reopen","A resume contains unique section markers and browser developer console is available for observation.","Attempt to drop outside the page. Then save and reopen. Observe messages, content, order, storage, and console errors.","Invalid movement is safely rejected or is a no-op; there is no crash, data loss, duplication, stale drag state, exposed editor UI in output, or unrecoverable focus problem.","Ready for independent manual execution"
"RF-MAN-488","Negative, edge, and recovery","Medium","iPad Safari","drop outside the page, then export and inspect","A resume contains unique section markers and browser developer console is available for observation.","Attempt to drop outside the page. Then export and inspect. Observe messages, content, order, storage, and console errors.","Invalid movement is safely rejected or is a no-op; there is no crash, data loss, duplication, stale drag state, exposed editor UI in output, or unrecoverable focus problem.","Ready for independent manual execution"
"RF-MAN-489","Negative, edge, and recovery","Critical","Linux Chrome","move a hidden section, then continue editing","A resume contains unique section markers and browser developer console is available for observation.","Attempt to move a hidden section. Then continue editing. Observe messages, content, order, storage, and console errors.","Invalid movement is safely rejected or is a no-op; there is no crash, data loss, duplication, stale drag state, exposed editor UI in output, or unrecoverable focus problem.","Ready for independent manual execution"
"RF-MAN-490","Negative, edge, and recovery","High","Tablet Edge","move a hidden section, then save and reopen","A resume contains unique section markers and browser developer console is available for observation.","Attempt to move a hidden section. Then save and reopen. Observe messages, content, order, storage, and console errors.","Invalid movement is safely rejected or is a no-op; there is no crash, data loss, duplication, stale drag state, exposed editor UI in output, or unrecoverable focus problem.","Ready for independent manual execution"
"RF-MAN-491","Negative, edge, and recovery","Medium","Windows Chrome","move a hidden section, then export and inspect","A resume contains unique section markers and browser developer console is available for observation.","Attempt to move a hidden section. Then export and inspect. Observe messages, content, order, storage, and console errors.","Invalid movement is safely rejected or is a no-op; there is no crash, data loss, duplication, stale drag state, exposed editor UI in output, or unrecoverable focus problem.","Ready for independent manual execution"
"RF-MAN-492","Negative, edge, and recovery","Critical","Windows Edge","move a missing section, then continue editing","A resume contains unique section markers and browser developer console is available for observation.","Attempt to move a missing section. Then continue editing. Observe messages, content, order, storage, and console errors.","Invalid movement is safely rejected or is a no-op; there is no crash, data loss, duplication, stale drag state, exposed editor UI in output, or unrecoverable focus problem.","Ready for independent manual execution"
"RF-MAN-493","Negative, edge, and recovery","High","Windows Firefox","move a missing section, then save and reopen","A resume contains unique section markers and browser developer console is available for observation.","Attempt to move a missing section. Then save and reopen. Observe messages, content, order, storage, and console errors.","Invalid movement is safely rejected or is a no-op; there is no crash, data loss, duplication, stale drag state, exposed editor UI in output, or unrecoverable focus problem.","Ready for independent manual execution"
"RF-MAN-494","Negative, edge, and recovery","Medium","macOS Safari","move a missing section, then export and inspect","A resume contains unique section markers and browser developer console is available for observation.","Attempt to move a missing section. Then export and inspect. Observe messages, content, order, storage, and console errors.","Invalid movement is safely rejected or is a no-op; there is no crash, data loss, duplication, stale drag state, exposed editor UI in output, or unrecoverable focus problem.","Ready for independent manual execution"
"RF-MAN-495","Negative, edge, and recovery","Critical","macOS Chrome","rapidly repeat 20 moves, then continue editing","A resume contains unique section markers and browser developer console is available for observation.","Attempt to rapidly repeat 20 moves. Then continue editing. Observe messages, content, order, storage, and console errors.","Invalid movement is safely rejected or is a no-op; there is no crash, data loss, duplication, stale drag state, exposed editor UI in output, or unrecoverable focus problem.","Ready for independent manual execution"
"RF-MAN-496","Negative, edge, and recovery","High","Android Chrome","rapidly repeat 20 moves, then save and reopen","A resume contains unique section markers and browser developer console is available for observation.","Attempt to rapidly repeat 20 moves. Then save and reopen. Observe messages, content, order, storage, and console errors.","Invalid movement is safely rejected or is a no-op; there is no crash, data loss, duplication, stale drag state, exposed editor UI in output, or unrecoverable focus problem.","Ready for independent manual execution"
"RF-MAN-497","Negative, edge, and recovery","Medium","iPhone Safari","rapidly repeat 20 moves, then export and inspect","A resume contains unique section markers and browser developer console is available for observation.","Attempt to rapidly repeat 20 moves. Then export and inspect. Observe messages, content, order, storage, and console errors.","Invalid movement is safely rejected or is a no-op; there is no crash, data loss, duplication, stale drag state, exposed editor UI in output, or unrecoverable focus problem.","Ready for independent manual execution"
"RF-MAN-498","Negative, edge, and recovery","Critical","iPad Safari","move while autosave is pending, then continue editing","A resume contains unique section markers and browser developer console is available for observation.","Attempt to move while autosave is pending. Then continue editing. Observe messages, content, order, storage, and console errors.","Invalid movement is safely rejected or is a no-op; there is no crash, data loss, duplication, stale drag state, exposed editor UI in output, or unrecoverable focus problem.","Ready for independent manual execution"
"RF-MAN-499","Negative, edge, and recovery","High","Linux Chrome","move while autosave is pending, then save and reopen","A resume contains unique section markers and browser developer console is available for observation.","Attempt to move while autosave is pending. Then save and reopen. Observe messages, content, order, storage, and console errors.","Invalid movement is safely rejected or is a no-op; there is no crash, data loss, duplication, stale drag state, exposed editor UI in output, or unrecoverable focus problem.","Ready for independent manual execution"
"RF-MAN-500","Negative, edge, and recovery","Medium","Tablet Edge","move while autosave is pending, then export and inspect","A resume contains unique section markers and browser developer console is available for observation.","Attempt to move while autosave is pending. Then export and inspect. Observe messages, content, order, storage, and console errors.","Invalid movement is safely rejected or is a no-op; there is no crash, data loss, duplication, stale drag state, exposed editor UI in output, or unrecoverable focus problem.","Ready for independent manual execution"
